[2026-01-28 01:18:56] laravel.EMERGENCY: Unable to create configured logger. Using emergency logger. {"exception":"[object] (InvalidArgumentException(code: 0): Log [] is not defined. at C:/Users/jhonj/Downloads/chat-bot/vendor/laravel/framework/src/Illuminate/Log/LogManager.php:212)
[stacktrace]
#0 C:/Users/jhonj/Downloads/chat-bot/vendor/laravel/framework/src/Illuminate/Log/LogManager.php(137): Illuminate/Log/LogManager->resolve()
#1 C:/Users/jhonj/Downloads/chat-bot/vendor/laravel/framework/src/Illuminate/Log/LogManager.php(124): Illuminate/Log/LogManager->get()
#2 C:/Users/jhonj/Downloads/chat-bot/vendor/laravel/framework/src/Illuminate/Log/LogManager.php(681): Illuminate/Log/LogManager->driver()
#3 C:/Users/jhonj/Downloads/chat-bot/vendor/laravel/framework/src/Illuminate/Foundation/Exceptions/Handler.php(317): Illuminate/Log/LogManager->error()
#4 C:/Users/jhonj/Downloads/chat-bot/vendor/laravel/framework/src/Illuminate/Foundation/Exceptions/Handler.php(278): Illuminate/Foundation/Exceptions/Handler->reportThrowable()
#5 C:/Users/jhonj/Downloads/chat-bot/vendor/laravel/framework/src/Illuminate/Foundation/Console/Kernel.php(523): Illuminate/Foundation/Exceptions/Handler->report()
#6 C:/Users/jhonj/Downloads/chat-bot/vendor/laravel/framework/src/Illuminate/Foundation/Console/Kernel.php(203): Illuminate/Foundation/Console/Kernel->reportException()
#7 C:/Users/jhonj/Downloads/chat-bot/artisan(35): Illuminate/Foundation/Console/Kernel->handle()
#8 {main}
"} 
[2026-01-28 01:18:56] laravel.ERROR: The C:\Users\jhonj\Downloads\chat-bot\bootstrap\cache directory must be present and writable. {"exception":"[object] (Exception(code: 0): The C:\\Users\\jhonj\\Downloads\\chat-bot\\bootstrap\\cache directory must be present and writable. at C:/Users/jhonj/Downloads/chat-bot/vendor/laravel/framework/src/Illuminate/Foundation/PackageManifest.php:178)
[stacktrace]
#0 C:/Users/jhonj/Downloads/chat-bot/vendor/laravel/framework/src/Illuminate/Foundation/PackageManifest.php(131): Illuminate/Foundation/PackageManifest->write()
#1 C:/Users/jhonj/Downloads/chat-bot/vendor/laravel/framework/src/Illuminate/Foundation/PackageManifest.php(107): Illuminate/Foundation/PackageManifest->build()
#2 C:/Users/jhonj/Downloads/chat-bot/vendor/laravel/framework/src/Illuminate/Foundation/PackageManifest.php(90): Illuminate/Foundation/PackageManifest->getManifest()
#3 C:/Users/jhonj/Downloads/chat-bot/vendor/laravel/framework/src/Illuminate/Foundation/PackageManifest.php(79): Illuminate/Foundation/PackageManifest->config()
#4 C:/Users/jhonj/Downloads/chat-bot/vendor/laravel/framework/src/Illuminate/Foundation/Bootstrap/RegisterFacades.php(26): Illuminate/Foundation/PackageManifest->aliases()
#5 C:/Users/jhonj/Downloads/chat-bot/vendor/laravel/framework/src/Illuminate/Foundation/Application.php(286): Illuminate/Foundation/Bootstrap/RegisterFacades->bootstrap()
#6 C:/Users/jhonj/Downloads/chat-bot/vendor/laravel/framework/src/Illuminate/Foundation/Console/Kernel.php(447): Illuminate/Foundation/Application->bootstrapWith()
#7 C:/Users/jhonj/Downloads/chat-bot/vendor/laravel/framework/src/Illuminate/Foundation/Console/Kernel.php(199): Illuminate/Foundation/Console/Kernel->bootstrap()
#8 C:/Users/jhonj/Downloads/chat-bot/artisan(35): Illuminate/Foundation/Console/Kernel->handle()
#9 {main}
"} 
[2026-01-28 01:19:31] laravel.EMERGENCY: Unable to create configured logger. Using emergency logger. {"exception":"[object] (InvalidArgumentException(code: 0): Log [] is not defined. at C:/Users/jhonj/Downloads/chat-bot/vendor/laravel/framework/src/Illuminate/Log/LogManager.php:212)
[stacktrace]
#0 C:/Users/jhonj/Downloads/chat-bot/vendor/laravel/framework/src/Illuminate/Log/LogManager.php(137): Illuminate/Log/LogManager->resolve()
#1 C:/Users/jhonj/Downloads/chat-bot/vendor/laravel/framework/src/Illuminate/Log/LogManager.php(124): Illuminate/Log/LogManager->get()
#2 C:/Users/jhonj/Downloads/chat-bot/vendor/laravel/framework/src/Illuminate/Log/LogManager.php(681): Illuminate/Log/LogManager->driver()
#3 C:/Users/jhonj/Downloads/chat-bot/vendor/laravel/framework/src/Illuminate/Foundation/Exceptions/Handler.php(317): Illuminate/Log/LogManager->error()
#4 C:/Users/jhonj/Downloads/chat-bot/vendor/laravel/framework/src/Illuminate/Foundation/Exceptions/Handler.php(278): Illuminate/Foundation/Exceptions/Handler->reportThrowable()
#5 C:/Users/jhonj/Downloads/chat-bot/vendor/nunomaduro/collision/src/Adapters/Laravel/ExceptionHandler.php(46): Illuminate/Foundation/Exceptions/Handler->report()
#6 C:/Users/jhonj/Downloads/chat-bot/vendor/laravel/framework/src/Illuminate/Foundation/Console/Kernel.php(523): NunoMaduro/Collision/Adapters/Laravel/ExceptionHandler->report()
#7 C:/Users/jhonj/Downloads/chat-bot/vendor/laravel/framework/src/Illuminate/Foundation/Console/Kernel.php(203): Illuminate/Foundation/Console/Kernel->reportException()
#8 C:/Users/jhonj/Downloads/chat-bot/artisan(35): Illuminate/Foundation/Console/Kernel->handle()
#9 {main}
"} 
[2026-01-28 01:19:31] laravel.ERROR: Target class [files] does not exist. {"exception":"[object] (Illuminate\\Contracts\\Container\\BindingResolutionException(code: 0): Target class [files] does not exist. at C:/Users/jhonj/Downloads/chat-bot/vendor/laravel/framework/src/Illuminate/Container/Container.php:914)
[stacktrace]
#0 C:/Users/jhonj/Downloads/chat-bot/vendor/laravel/framework/src/Illuminate/Container/Container.php(795): Illuminate/Container/Container->build()
#1 C:/Users/jhonj/Downloads/chat-bot/vendor/laravel/framework/src/Illuminate/Foundation/Application.php(986): Illuminate/Container/Container->resolve()
#2 C:/Users/jhonj/Downloads/chat-bot/vendor/laravel/framework/src/Illuminate/Container/Container.php(731): Illuminate/Foundation/Application->resolve()
#3 C:/Users/jhonj/Downloads/chat-bot/vendor/laravel/framework/src/Illuminate/Foundation/Application.php(971): Illuminate/Container/Container->make()
#4 C:/Users/jhonj/Downloads/chat-bot/vendor/laravel/framework/src/Illuminate/Container/Container.php(1454): Illuminate/Foundation/Application->make()
#5 C:/Users/jhonj/Downloads/chat-bot/vendor/laravel/framework/src/Illuminate/Foundation/Application.php(1176): Illuminate/Container/Container->offsetGet()
#6 C:/Users/jhonj/Downloads/chat-bot/vendor/laravel/sanctum/src/SanctumServiceProvider.php(82): Illuminate/Foundation/Application->routesAreCached()
#7 C:/Users/jhonj/Downloads/chat-bot/vendor/laravel/sanctum/src/SanctumServiceProvider.php(58): Laravel/Sanctum/SanctumServiceProvider->defineRoutes()
#8 C:/Users/jhonj/Downloads/chat-bot/vendor/laravel/framework/src/Illuminate/Container/BoundMethod.php(36): Laravel/Sanctum/SanctumServiceProvider->boot()
#9 C:/Users/jhonj/Downloads/chat-bot/vendor/laravel/framework/src/Illuminate/Container/Util.php(41): Illuminate/Container/BoundMethod::Illuminate/Container/{closure}()
#10 C:/Users/jhonj/Downloads/chat-bot/vendor/laravel/framework/src/Illuminate/Container/BoundMethod.php(93): Illuminate/Container/Util::unwrapIfClosure()
#11 C:/Users/jhonj/Downloads/chat-bot/vendor/laravel/framework/src/Illuminate/Container/BoundMethod.php(35): Illuminate/Container/BoundMethod::callBoundMethod()
#12 C:/Users/jhonj/Downloads/chat-bot/vendor/laravel/framework/src/Illuminate/Container/Container.php(662): Illuminate/Container/BoundMethod::call()
#13 C:/Users/jhonj/Downloads/chat-bot/vendor/laravel/framework/src/Illuminate/Foundation/Application.php(1059): Illuminate/Container/Container->call()
#14 C:/Users/jhonj/Downloads/chat-bot/vendor/laravel/framework/src/Illuminate/Foundation/Application.php(1040): Illuminate/Foundation/Application->bootProvider()
#15 [internal function]: Illuminate/Foundation/Application->Illuminate/Foundation/{closure}()
#16 C:/Users/jhonj/Downloads/chat-bot/vendor/laravel/framework/src/Illuminate/Foundation/Application.php(1039): array_walk()
#17 C:/Users/jhonj/Downloads/chat-bot/vendor/laravel/framework/src/Illuminate/Foundation/Bootstrap/BootProviders.php(17): Illuminate/Foundation/Application->boot()
#18 C:/Users/jhonj/Downloads/chat-bot/vendor/laravel/framework/src/Illuminate/Foundation/Application.php(286): Illuminate/Foundation/Bootstrap/BootProviders->bootstrap()
#19 C:/Users/jhonj/Downloads/chat-bot/vendor/laravel/framework/src/Illuminate/Foundation/Console/Kernel.php(447): Illuminate/Foundation/Application->bootstrapWith()
#20 C:/Users/jhonj/Downloads/chat-bot/vendor/laravel/framework/src/Illuminate/Foundation/Console/Kernel.php(199): Illuminate/Foundation/Console/Kernel->bootstrap()
#21 C:/Users/jhonj/Downloads/chat-bot/artisan(35): Illuminate/Foundation/Console/Kernel->handle()
#22 {main}

[previous exception] [object] (ReflectionException(code: -1): Class \"files\" does not exist at C:/Users/jhonj/Downloads/chat-bot/vendor/laravel/framework/src/Illuminate/Container/Container.php:912)
[stacktrace]
#0 C:/Users/jhonj/Downloads/chat-bot/vendor/laravel/framework/src/Illuminate/Container/Container.php(912): ReflectionClass->__construct()
#1 C:/Users/jhonj/Downloads/chat-bot/vendor/laravel/framework/src/Illuminate/Container/Container.php(795): Illuminate/Container/Container->build()
#2 C:/Users/jhonj/Downloads/chat-bot/vendor/laravel/framework/src/Illuminate/Foundation/Application.php(986): Illuminate/Container/Container->resolve()
#3 C:/Users/jhonj/Downloads/chat-bot/vendor/laravel/framework/src/Illuminate/Container/Container.php(731): Illuminate/Foundation/Application->resolve()
#4 C:/Users/jhonj/Downloads/chat-bot/vendor/laravel/framework/src/Illuminate/Foundation/Application.php(971): Illuminate/Container/Container->make()
#5 C:/Users/jhonj/Downloads/chat-bot/vendor/laravel/framework/src/Illuminate/Container/Container.php(1454): Illuminate/Foundation/Application->make()
#6 C:/Users/jhonj/Downloads/chat-bot/vendor/laravel/framework/src/Illuminate/Foundation/Application.php(1176): Illuminate/Container/Container->offsetGet()
#7 C:/Users/jhonj/Downloads/chat-bot/vendor/laravel/sanctum/src/SanctumServiceProvider.php(82): Illuminate/Foundation/Application->routesAreCached()
#8 C:/Users/jhonj/Downloads/chat-bot/vendor/laravel/sanctum/src/SanctumServiceProvider.php(58): Laravel/Sanctum/SanctumServiceProvider->defineRoutes()
#9 C:/Users/jhonj/Downloads/chat-bot/vendor/laravel/framework/src/Illuminate/Container/BoundMethod.php(36): Laravel/Sanctum/SanctumServiceProvider->boot()
#10 C:/Users/jhonj/Downloads/chat-bot/vendor/laravel/framework/src/Illuminate/Container/Util.php(41): Illuminate/Container/BoundMethod::Illuminate/Container/{closure}()
#11 C:/Users/jhonj/Downloads/chat-bot/vendor/laravel/framework/src/Illuminate/Container/BoundMethod.php(93): Illuminate/Container/Util::unwrapIfClosure()
#12 C:/Users/jhonj/Downloads/chat-bot/vendor/laravel/framework/src/Illuminate/Container/BoundMethod.php(35): Illuminate/Container/BoundMethod::callBoundMethod()
#13 C:/Users/jhonj/Downloads/chat-bot/vendor/laravel/framework/src/Illuminate/Container/Container.php(662): Illuminate/Container/BoundMethod::call()
#14 C:/Users/jhonj/Downloads/chat-bot/vendor/laravel/framework/src/Illuminate/Foundation/Application.php(1059): Illuminate/Container/Container->call()
#15 C:/Users/jhonj/Downloads/chat-bot/vendor/laravel/framework/src/Illuminate/Foundation/Application.php(1040): Illuminate/Foundation/Application->bootProvider()
#16 [internal function]: Illuminate/Foundation/Application->Illuminate/Foundation/{closure}()
#17 C:/Users/jhonj/Downloads/chat-bot/vendor/laravel/framework/src/Illuminate/Foundation/Application.php(1039): array_walk()
#18 C:/Users/jhonj/Downloads/chat-bot/vendor/laravel/framework/src/Illuminate/Foundation/Bootstrap/BootProviders.php(17): Illuminate/Foundation/Application->boot()
#19 C:/Users/jhonj/Downloads/chat-bot/vendor/laravel/framework/src/Illuminate/Foundation/Application.php(286): Illuminate/Foundation/Bootstrap/BootProviders->bootstrap()
#20 C:/Users/jhonj/Downloads/chat-bot/vendor/laravel/framework/src/Illuminate/Foundation/Console/Kernel.php(447): Illuminate/Foundation/Application->bootstrapWith()
#21 C:/Users/jhonj/Downloads/chat-bot/vendor/laravel/framework/src/Illuminate/Foundation/Console/Kernel.php(199): Illuminate/Foundation/Console/Kernel->bootstrap()
#22 C:/Users/jhonj/Downloads/chat-bot/artisan(35): Illuminate/Foundation/Console/Kernel->handle()
#23 {main}
"} 
[2026-01-28 01:20:50] laravel.EMERGENCY: Unable to create configured logger. Using emergency logger. {"exception":"[object] (InvalidArgumentException(code: 0): Log [] is not defined. at C:/Users/jhonj/Downloads/chat-bot/vendor/laravel/framework/src/Illuminate/Log/LogManager.php:212)
[stacktrace]
#0 C:/Users/jhonj/Downloads/chat-bot/vendor/laravel/framework/src/Illuminate/Log/LogManager.php(137): Illuminate/Log/LogManager->resolve()
#1 C:/Users/jhonj/Downloads/chat-bot/vendor/laravel/framework/src/Illuminate/Log/LogManager.php(124): Illuminate/Log/LogManager->get()
#2 C:/Users/jhonj/Downloads/chat-bot/vendor/laravel/framework/src/Illuminate/Log/LogManager.php(681): Illuminate/Log/LogManager->driver()
#3 C:/Users/jhonj/Downloads/chat-bot/vendor/laravel/framework/src/Illuminate/Foundation/Exceptions/Handler.php(317): Illuminate/Log/LogManager->error()
#4 C:/Users/jhonj/Downloads/chat-bot/vendor/laravel/framework/src/Illuminate/Foundation/Exceptions/Handler.php(278): Illuminate/Foundation/Exceptions/Handler->reportThrowable()
#5 C:/Users/jhonj/Downloads/chat-bot/vendor/nunomaduro/collision/src/Adapters/Laravel/ExceptionHandler.php(46): Illuminate/Foundation/Exceptions/Handler->report()
#6 C:/Users/jhonj/Downloads/chat-bot/vendor/laravel/framework/src/Illuminate/Foundation/Console/Kernel.php(523): NunoMaduro/Collision/Adapters/Laravel/ExceptionHandler->report()
#7 C:/Users/jhonj/Downloads/chat-bot/vendor/laravel/framework/src/Illuminate/Foundation/Console/Kernel.php(203): Illuminate/Foundation/Console/Kernel->reportException()
#8 C:/Users/jhonj/Downloads/chat-bot/artisan(35): Illuminate/Foundation/Console/Kernel->handle()
#9 {main}
"} 
[2026-01-28 01:20:50] laravel.ERROR: Target class [files] does not exist. {"exception":"[object] (Illuminate\\Contracts\\Container\\BindingResolutionException(code: 0): Target class [files] does not exist. at C:/Users/jhonj/Downloads/chat-bot/vendor/laravel/framework/src/Illuminate/Container/Container.php:914)
[stacktrace]
#0 C:/Users/jhonj/Downloads/chat-bot/vendor/laravel/framework/src/Illuminate/Container/Container.php(795): Illuminate/Container/Container->build()
#1 C:/Users/jhonj/Downloads/chat-bot/vendor/laravel/framework/src/Illuminate/Foundation/Application.php(986): Illuminate/Container/Container->resolve()
#2 C:/Users/jhonj/Downloads/chat-bot/vendor/laravel/framework/src/Illuminate/Container/Container.php(731): Illuminate/Foundation/Application->resolve()
#3 C:/Users/jhonj/Downloads/chat-bot/vendor/laravel/framework/src/Illuminate/Foundation/Application.php(971): Illuminate/Container/Container->make()
#4 C:/Users/jhonj/Downloads/chat-bot/vendor/laravel/framework/src/Illuminate/Container/Container.php(1454): Illuminate/Foundation/Application->make()
#5 C:/Users/jhonj/Downloads/chat-bot/vendor/laravel/framework/src/Illuminate/Foundation/Application.php(1176): Illuminate/Container/Container->offsetGet()
#6 C:/Users/jhonj/Downloads/chat-bot/vendor/laravel/sanctum/src/SanctumServiceProvider.php(82): Illuminate/Foundation/Application->routesAreCached()
#7 C:/Users/jhonj/Downloads/chat-bot/vendor/laravel/sanctum/src/SanctumServiceProvider.php(58): Laravel/Sanctum/SanctumServiceProvider->defineRoutes()
#8 C:/Users/jhonj/Downloads/chat-bot/vendor/laravel/framework/src/Illuminate/Container/BoundMethod.php(36): Laravel/Sanctum/SanctumServiceProvider->boot()
#9 C:/Users/jhonj/Downloads/chat-bot/vendor/laravel/framework/src/Illuminate/Container/Util.php(41): Illuminate/Container/BoundMethod::Illuminate/Container/{closure}()
#10 C:/Users/jhonj/Downloads/chat-bot/vendor/laravel/framework/src/Illuminate/Container/BoundMethod.php(93): Illuminate/Container/Util::unwrapIfClosure()
#11 C:/Users/jhonj/Downloads/chat-bot/vendor/laravel/framework/src/Illuminate/Container/BoundMethod.php(35): Illuminate/Container/BoundMethod::callBoundMethod()
#12 C:/Users/jhonj/Downloads/chat-bot/vendor/laravel/framework/src/Illuminate/Container/Container.php(662): Illuminate/Container/BoundMethod::call()
#13 C:/Users/jhonj/Downloads/chat-bot/vendor/laravel/framework/src/Illuminate/Foundation/Application.php(1059): Illuminate/Container/Container->call()
#14 C:/Users/jhonj/Downloads/chat-bot/vendor/laravel/framework/src/Illuminate/Foundation/Application.php(1040): Illuminate/Foundation/Application->bootProvider()
#15 [internal function]: Illuminate/Foundation/Application->Illuminate/Foundation/{closure}()
#16 C:/Users/jhonj/Downloads/chat-bot/vendor/laravel/framework/src/Illuminate/Foundation/Application.php(1039): array_walk()
#17 C:/Users/jhonj/Downloads/chat-bot/vendor/laravel/framework/src/Illuminate/Foundation/Bootstrap/BootProviders.php(17): Illuminate/Foundation/Application->boot()
#18 C:/Users/jhonj/Downloads/chat-bot/vendor/laravel/framework/src/Illuminate/Foundation/Application.php(286): Illuminate/Foundation/Bootstrap/BootProviders->bootstrap()
#19 C:/Users/jhonj/Downloads/chat-bot/vendor/laravel/framework/src/Illuminate/Foundation/Console/Kernel.php(447): Illuminate/Foundation/Application->bootstrapWith()
#20 C:/Users/jhonj/Downloads/chat-bot/vendor/laravel/framework/src/Illuminate/Foundation/Console/Kernel.php(199): Illuminate/Foundation/Console/Kernel->bootstrap()
#21 C:/Users/jhonj/Downloads/chat-bot/artisan(35): Illuminate/Foundation/Console/Kernel->handle()
#22 {main}

[previous exception] [object] (ReflectionException(code: -1): Class \"files\" does not exist at C:/Users/jhonj/Downloads/chat-bot/vendor/laravel/framework/src/Illuminate/Container/Container.php:912)
[stacktrace]
#0 C:/Users/jhonj/Downloads/chat-bot/vendor/laravel/framework/src/Illuminate/Container/Container.php(912): ReflectionClass->__construct()
#1 C:/Users/jhonj/Downloads/chat-bot/vendor/laravel/framework/src/Illuminate/Container/Container.php(795): Illuminate/Container/Container->build()
#2 C:/Users/jhonj/Downloads/chat-bot/vendor/laravel/framework/src/Illuminate/Foundation/Application.php(986): Illuminate/Container/Container->resolve()
#3 C:/Users/jhonj/Downloads/chat-bot/vendor/laravel/framework/src/Illuminate/Container/Container.php(731): Illuminate/Foundation/Application->resolve()
#4 C:/Users/jhonj/Downloads/chat-bot/vendor/laravel/framework/src/Illuminate/Foundation/Application.php(971): Illuminate/Container/Container->make()
#5 C:/Users/jhonj/Downloads/chat-bot/vendor/laravel/framework/src/Illuminate/Container/Container.php(1454): Illuminate/Foundation/Application->make()
#6 C:/Users/jhonj/Downloads/chat-bot/vendor/laravel/framework/src/Illuminate/Foundation/Application.php(1176): Illuminate/Container/Container->offsetGet()
#7 C:/Users/jhonj/Downloads/chat-bot/vendor/laravel/sanctum/src/SanctumServiceProvider.php(82): Illuminate/Foundation/Application->routesAreCached()
#8 C:/Users/jhonj/Downloads/chat-bot/vendor/laravel/sanctum/src/SanctumServiceProvider.php(58): Laravel/Sanctum/SanctumServiceProvider->defineRoutes()
#9 C:/Users/jhonj/Downloads/chat-bot/vendor/laravel/framework/src/Illuminate/Container/BoundMethod.php(36): Laravel/Sanctum/SanctumServiceProvider->boot()
#10 C:/Users/jhonj/Downloads/chat-bot/vendor/laravel/framework/src/Illuminate/Container/Util.php(41): Illuminate/Container/BoundMethod::Illuminate/Container/{closure}()
#11 C:/Users/jhonj/Downloads/chat-bot/vendor/laravel/framework/src/Illuminate/Container/BoundMethod.php(93): Illuminate/Container/Util::unwrapIfClosure()
#12 C:/Users/jhonj/Downloads/chat-bot/vendor/laravel/framework/src/Illuminate/Container/BoundMethod.php(35): Illuminate/Container/BoundMethod::callBoundMethod()
#13 C:/Users/jhonj/Downloads/chat-bot/vendor/laravel/framework/src/Illuminate/Container/Container.php(662): Illuminate/Container/BoundMethod::call()
#14 C:/Users/jhonj/Downloads/chat-bot/vendor/laravel/framework/src/Illuminate/Foundation/Application.php(1059): Illuminate/Container/Container->call()
#15 C:/Users/jhonj/Downloads/chat-bot/vendor/laravel/framework/src/Illuminate/Foundation/Application.php(1040): Illuminate/Foundation/Application->bootProvider()
#16 [internal function]: Illuminate/Foundation/Application->Illuminate/Foundation/{closure}()
#17 C:/Users/jhonj/Downloads/chat-bot/vendor/laravel/framework/src/Illuminate/Foundation/Application.php(1039): array_walk()
#18 C:/Users/jhonj/Downloads/chat-bot/vendor/laravel/framework/src/Illuminate/Foundation/Bootstrap/BootProviders.php(17): Illuminate/Foundation/Application->boot()
#19 C:/Users/jhonj/Downloads/chat-bot/vendor/laravel/framework/src/Illuminate/Foundation/Application.php(286): Illuminate/Foundation/Bootstrap/BootProviders->bootstrap()
#20 C:/Users/jhonj/Downloads/chat-bot/vendor/laravel/framework/src/Illuminate/Foundation/Console/Kernel.php(447): Illuminate/Foundation/Application->bootstrapWith()
#21 C:/Users/jhonj/Downloads/chat-bot/vendor/laravel/framework/src/Illuminate/Foundation/Console/Kernel.php(199): Illuminate/Foundation/Console/Kernel->bootstrap()
#22 C:/Users/jhonj/Downloads/chat-bot/artisan(35): Illuminate/Foundation/Console/Kernel->handle()
#23 {main}
"} 
[2026-01-28 01:21:02] laravel.EMERGENCY: Unable to create configured logger. Using emergency logger. {"exception":"[object] (InvalidArgumentException(code: 0): Log [] is not defined. at C:/Users/jhonj/Downloads/chat-bot/vendor/laravel/framework/src/Illuminate/Log/LogManager.php:212)
[stacktrace]
#0 C:/Users/jhonj/Downloads/chat-bot/vendor/laravel/framework/src/Illuminate/Log/LogManager.php(137): Illuminate/Log/LogManager->resolve()
#1 C:/Users/jhonj/Downloads/chat-bot/vendor/laravel/framework/src/Illuminate/Log/LogManager.php(124): Illuminate/Log/LogManager->get()
#2 C:/Users/jhonj/Downloads/chat-bot/vendor/laravel/framework/src/Illuminate/Log/LogManager.php(681): Illuminate/Log/LogManager->driver()
#3 C:/Users/jhonj/Downloads/chat-bot/vendor/laravel/framework/src/Illuminate/Foundation/Exceptions/Handler.php(317): Illuminate/Log/LogManager->error()
#4 C:/Users/jhonj/Downloads/chat-bot/vendor/laravel/framework/src/Illuminate/Foundation/Exceptions/Handler.php(278): Illuminate/Foundation/Exceptions/Handler->reportThrowable()
#5 C:/Users/jhonj/Downloads/chat-bot/vendor/nunomaduro/collision/src/Adapters/Laravel/ExceptionHandler.php(46): Illuminate/Foundation/Exceptions/Handler->report()
#6 C:/Users/jhonj/Downloads/chat-bot/vendor/laravel/framework/src/Illuminate/Foundation/Console/Kernel.php(523): NunoMaduro/Collision/Adapters/Laravel/ExceptionHandler->report()
#7 C:/Users/jhonj/Downloads/chat-bot/vendor/laravel/framework/src/Illuminate/Foundation/Console/Kernel.php(203): Illuminate/Foundation/Console/Kernel->reportException()
#8 C:/Users/jhonj/Downloads/chat-bot/artisan(35): Illuminate/Foundation/Console/Kernel->handle()
#9 {main}
"} 
[2026-01-28 01:21:02] laravel.ERROR: Target class [files] does not exist. {"exception":"[object] (Illuminate\\Contracts\\Container\\BindingResolutionException(code: 0): Target class [files] does not exist. at C:/Users/jhonj/Downloads/chat-bot/vendor/laravel/framework/src/Illuminate/Container/Container.php:914)
[stacktrace]
#0 C:/Users/jhonj/Downloads/chat-bot/vendor/laravel/framework/src/Illuminate/Container/Container.php(795): Illuminate/Container/Container->build()
#1 C:/Users/jhonj/Downloads/chat-bot/vendor/laravel/framework/src/Illuminate/Foundation/Application.php(986): Illuminate/Container/Container->resolve()
#2 C:/Users/jhonj/Downloads/chat-bot/vendor/laravel/framework/src/Illuminate/Container/Container.php(731): Illuminate/Foundation/Application->resolve()
#3 C:/Users/jhonj/Downloads/chat-bot/vendor/laravel/framework/src/Illuminate/Foundation/Application.php(971): Illuminate/Container/Container->make()
#4 C:/Users/jhonj/Downloads/chat-bot/vendor/laravel/framework/src/Illuminate/Container/Container.php(1454): Illuminate/Foundation/Application->make()
#5 C:/Users/jhonj/Downloads/chat-bot/vendor/laravel/framework/src/Illuminate/Foundation/Application.php(1176): Illuminate/Container/Container->offsetGet()
#6 C:/Users/jhonj/Downloads/chat-bot/vendor/laravel/sanctum/src/SanctumServiceProvider.php(82): Illuminate/Foundation/Application->routesAreCached()
#7 C:/Users/jhonj/Downloads/chat-bot/vendor/laravel/sanctum/src/SanctumServiceProvider.php(58): Laravel/Sanctum/SanctumServiceProvider->defineRoutes()
#8 C:/Users/jhonj/Downloads/chat-bot/vendor/laravel/framework/src/Illuminate/Container/BoundMethod.php(36): Laravel/Sanctum/SanctumServiceProvider->boot()
#9 C:/Users/jhonj/Downloads/chat-bot/vendor/laravel/framework/src/Illuminate/Container/Util.php(41): Illuminate/Container/BoundMethod::Illuminate/Container/{closure}()
#10 C:/Users/jhonj/Downloads/chat-bot/vendor/laravel/framework/src/Illuminate/Container/BoundMethod.php(93): Illuminate/Container/Util::unwrapIfClosure()
#11 C:/Users/jhonj/Downloads/chat-bot/vendor/laravel/framework/src/Illuminate/Container/BoundMethod.php(35): Illuminate/Container/BoundMethod::callBoundMethod()
#12 C:/Users/jhonj/Downloads/chat-bot/vendor/laravel/framework/src/Illuminate/Container/Container.php(662): Illuminate/Container/BoundMethod::call()
#13 C:/Users/jhonj/Downloads/chat-bot/vendor/laravel/framework/src/Illuminate/Foundation/Application.php(1059): Illuminate/Container/Container->call()
#14 C:/Users/jhonj/Downloads/chat-bot/vendor/laravel/framework/src/Illuminate/Foundation/Application.php(1040): Illuminate/Foundation/Application->bootProvider()
#15 [internal function]: Illuminate/Foundation/Application->Illuminate/Foundation/{closure}()
#16 C:/Users/jhonj/Downloads/chat-bot/vendor/laravel/framework/src/Illuminate/Foundation/Application.php(1039): array_walk()
#17 C:/Users/jhonj/Downloads/chat-bot/vendor/laravel/framework/src/Illuminate/Foundation/Bootstrap/BootProviders.php(17): Illuminate/Foundation/Application->boot()
#18 C:/Users/jhonj/Downloads/chat-bot/vendor/laravel/framework/src/Illuminate/Foundation/Application.php(286): Illuminate/Foundation/Bootstrap/BootProviders->bootstrap()
#19 C:/Users/jhonj/Downloads/chat-bot/vendor/laravel/framework/src/Illuminate/Foundation/Console/Kernel.php(447): Illuminate/Foundation/Application->bootstrapWith()
#20 C:/Users/jhonj/Downloads/chat-bot/vendor/laravel/framework/src/Illuminate/Foundation/Console/Kernel.php(199): Illuminate/Foundation/Console/Kernel->bootstrap()
#21 C:/Users/jhonj/Downloads/chat-bot/artisan(35): Illuminate/Foundation/Console/Kernel->handle()
#22 {main}

[previous exception] [object] (ReflectionException(code: -1): Class \"files\" does not exist at C:/Users/jhonj/Downloads/chat-bot/vendor/laravel/framework/src/Illuminate/Container/Container.php:912)
[stacktrace]
#0 C:/Users/jhonj/Downloads/chat-bot/vendor/laravel/framework/src/Illuminate/Container/Container.php(912): ReflectionClass->__construct()
#1 C:/Users/jhonj/Downloads/chat-bot/vendor/laravel/framework/src/Illuminate/Container/Container.php(795): Illuminate/Container/Container->build()
#2 C:/Users/jhonj/Downloads/chat-bot/vendor/laravel/framework/src/Illuminate/Foundation/Application.php(986): Illuminate/Container/Container->resolve()
#3 C:/Users/jhonj/Downloads/chat-bot/vendor/laravel/framework/src/Illuminate/Container/Container.php(731): Illuminate/Foundation/Application->resolve()
#4 C:/Users/jhonj/Downloads/chat-bot/vendor/laravel/framework/src/Illuminate/Foundation/Application.php(971): Illuminate/Container/Container->make()
#5 C:/Users/jhonj/Downloads/chat-bot/vendor/laravel/framework/src/Illuminate/Container/Container.php(1454): Illuminate/Foundation/Application->make()
#6 C:/Users/jhonj/Downloads/chat-bot/vendor/laravel/framework/src/Illuminate/Foundation/Application.php(1176): Illuminate/Container/Container->offsetGet()
#7 C:/Users/jhonj/Downloads/chat-bot/vendor/laravel/sanctum/src/SanctumServiceProvider.php(82): Illuminate/Foundation/Application->routesAreCached()
#8 C:/Users/jhonj/Downloads/chat-bot/vendor/laravel/sanctum/src/SanctumServiceProvider.php(58): Laravel/Sanctum/SanctumServiceProvider->defineRoutes()
#9 C:/Users/jhonj/Downloads/chat-bot/vendor/laravel/framework/src/Illuminate/Container/BoundMethod.php(36): Laravel/Sanctum/SanctumServiceProvider->boot()
#10 C:/Users/jhonj/Downloads/chat-bot/vendor/laravel/framework/src/Illuminate/Container/Util.php(41): Illuminate/Container/BoundMethod::Illuminate/Container/{closure}()
#11 C:/Users/jhonj/Downloads/chat-bot/vendor/laravel/framework/src/Illuminate/Container/BoundMethod.php(93): Illuminate/Container/Util::unwrapIfClosure()
#12 C:/Users/jhonj/Downloads/chat-bot/vendor/laravel/framework/src/Illuminate/Container/BoundMethod.php(35): Illuminate/Container/BoundMethod::callBoundMethod()
#13 C:/Users/jhonj/Downloads/chat-bot/vendor/laravel/framework/src/Illuminate/Container/Container.php(662): Illuminate/Container/BoundMethod::call()
#14 C:/Users/jhonj/Downloads/chat-bot/vendor/laravel/framework/src/Illuminate/Foundation/Application.php(1059): Illuminate/Container/Container->call()
#15 C:/Users/jhonj/Downloads/chat-bot/vendor/laravel/framework/src/Illuminate/Foundation/Application.php(1040): Illuminate/Foundation/Application->bootProvider()
#16 [internal function]: Illuminate/Foundation/Application->Illuminate/Foundation/{closure}()
#17 C:/Users/jhonj/Downloads/chat-bot/vendor/laravel/framework/src/Illuminate/Foundation/Application.php(1039): array_walk()
#18 C:/Users/jhonj/Downloads/chat-bot/vendor/laravel/framework/src/Illuminate/Foundation/Bootstrap/BootProviders.php(17): Illuminate/Foundation/Application->boot()
#19 C:/Users/jhonj/Downloads/chat-bot/vendor/laravel/framework/src/Illuminate/Foundation/Application.php(286): Illuminate/Foundation/Bootstrap/BootProviders->bootstrap()
#20 C:/Users/jhonj/Downloads/chat-bot/vendor/laravel/framework/src/Illuminate/Foundation/Console/Kernel.php(447): Illuminate/Foundation/Application->bootstrapWith()
#21 C:/Users/jhonj/Downloads/chat-bot/vendor/laravel/framework/src/Illuminate/Foundation/Console/Kernel.php(199): Illuminate/Foundation/Console/Kernel->bootstrap()
#22 C:/Users/jhonj/Downloads/chat-bot/artisan(35): Illuminate/Foundation/Console/Kernel->handle()
#23 {main}
"} 
[2026-01-28 01:23:06] laravel.EMERGENCY: Unable to create configured logger. Using emergency logger. {"exception":"[object] (InvalidArgumentException(code: 0): Log [] is not defined. at C:/Users/jhonj/Downloads/chat-bot/vendor/laravel/framework/src/Illuminate/Log/LogManager.php:212)
[stacktrace]
#0 C:/Users/jhonj/Downloads/chat-bot/vendor/laravel/framework/src/Illuminate/Log/LogManager.php(137): Illuminate/Log/LogManager->resolve()
#1 C:/Users/jhonj/Downloads/chat-bot/vendor/laravel/framework/src/Illuminate/Log/LogManager.php(124): Illuminate/Log/LogManager->get()
#2 C:/Users/jhonj/Downloads/chat-bot/vendor/laravel/framework/src/Illuminate/Log/LogManager.php(681): Illuminate/Log/LogManager->driver()
#3 C:/Users/jhonj/Downloads/chat-bot/vendor/laravel/framework/src/Illuminate/Foundation/Exceptions/Handler.php(317): Illuminate/Log/LogManager->error()
#4 C:/Users/jhonj/Downloads/chat-bot/vendor/laravel/framework/src/Illuminate/Foundation/Exceptions/Handler.php(278): Illuminate/Foundation/Exceptions/Handler->reportThrowable()
#5 C:/Users/jhonj/Downloads/chat-bot/vendor/nunomaduro/collision/src/Adapters/Laravel/ExceptionHandler.php(46): Illuminate/Foundation/Exceptions/Handler->report()
#6 C:/Users/jhonj/Downloads/chat-bot/vendor/laravel/framework/src/Illuminate/Foundation/Console/Kernel.php(523): NunoMaduro/Collision/Adapters/Laravel/ExceptionHandler->report()
#7 C:/Users/jhonj/Downloads/chat-bot/vendor/laravel/framework/src/Illuminate/Foundation/Console/Kernel.php(203): Illuminate/Foundation/Console/Kernel->reportException()
#8 C:/Users/jhonj/Downloads/chat-bot/artisan(35): Illuminate/Foundation/Console/Kernel->handle()
#9 {main}
"} 
[2026-01-28 01:23:06] laravel.ERROR: Target class [files] does not exist. {"exception":"[object] (Illuminate\\Contracts\\Container\\BindingResolutionException(code: 0): Target class [files] does not exist. at C:/Users/jhonj/Downloads/chat-bot/vendor/laravel/framework/src/Illuminate/Container/Container.php:914)
[stacktrace]
#0 C:/Users/jhonj/Downloads/chat-bot/vendor/laravel/framework/src/Illuminate/Container/Container.php(795): Illuminate/Container/Container->build()
#1 C:/Users/jhonj/Downloads/chat-bot/vendor/laravel/framework/src/Illuminate/Foundation/Application.php(986): Illuminate/Container/Container->resolve()
#2 C:/Users/jhonj/Downloads/chat-bot/vendor/laravel/framework/src/Illuminate/Container/Container.php(731): Illuminate/Foundation/Application->resolve()
#3 C:/Users/jhonj/Downloads/chat-bot/vendor/laravel/framework/src/Illuminate/Foundation/Application.php(971): Illuminate/Container/Container->make()
#4 C:/Users/jhonj/Downloads/chat-bot/vendor/laravel/framework/src/Illuminate/Container/Container.php(1454): Illuminate/Foundation/Application->make()
#5 C:/Users/jhonj/Downloads/chat-bot/vendor/laravel/framework/src/Illuminate/Foundation/Application.php(1176): Illuminate/Container/Container->offsetGet()
#6 C:/Users/jhonj/Downloads/chat-bot/vendor/laravel/sanctum/src/SanctumServiceProvider.php(82): Illuminate/Foundation/Application->routesAreCached()
#7 C:/Users/jhonj/Downloads/chat-bot/vendor/laravel/sanctum/src/SanctumServiceProvider.php(58): Laravel/Sanctum/SanctumServiceProvider->defineRoutes()
#8 C:/Users/jhonj/Downloads/chat-bot/vendor/laravel/framework/src/Illuminate/Container/BoundMethod.php(36): Laravel/Sanctum/SanctumServiceProvider->boot()
#9 C:/Users/jhonj/Downloads/chat-bot/vendor/laravel/framework/src/Illuminate/Container/Util.php(41): Illuminate/Container/BoundMethod::Illuminate/Container/{closure}()
#10 C:/Users/jhonj/Downloads/chat-bot/vendor/laravel/framework/src/Illuminate/Container/BoundMethod.php(93): Illuminate/Container/Util::unwrapIfClosure()
#11 C:/Users/jhonj/Downloads/chat-bot/vendor/laravel/framework/src/Illuminate/Container/BoundMethod.php(35): Illuminate/Container/BoundMethod::callBoundMethod()
#12 C:/Users/jhonj/Downloads/chat-bot/vendor/laravel/framework/src/Illuminate/Container/Container.php(662): Illuminate/Container/BoundMethod::call()
#13 C:/Users/jhonj/Downloads/chat-bot/vendor/laravel/framework/src/Illuminate/Foundation/Application.php(1059): Illuminate/Container/Container->call()
#14 C:/Users/jhonj/Downloads/chat-bot/vendor/laravel/framework/src/Illuminate/Foundation/Application.php(1040): Illuminate/Foundation/Application->bootProvider()
#15 [internal function]: Illuminate/Foundation/Application->Illuminate/Foundation/{closure}()
#16 C:/Users/jhonj/Downloads/chat-bot/vendor/laravel/framework/src/Illuminate/Foundation/Application.php(1039): array_walk()
#17 C:/Users/jhonj/Downloads/chat-bot/vendor/laravel/framework/src/Illuminate/Foundation/Bootstrap/BootProviders.php(17): Illuminate/Foundation/Application->boot()
#18 C:/Users/jhonj/Downloads/chat-bot/vendor/laravel/framework/src/Illuminate/Foundation/Application.php(286): Illuminate/Foundation/Bootstrap/BootProviders->bootstrap()
#19 C:/Users/jhonj/Downloads/chat-bot/vendor/laravel/framework/src/Illuminate/Foundation/Console/Kernel.php(447): Illuminate/Foundation/Application->bootstrapWith()
#20 C:/Users/jhonj/Downloads/chat-bot/vendor/laravel/framework/src/Illuminate/Foundation/Console/Kernel.php(199): Illuminate/Foundation/Console/Kernel->bootstrap()
#21 C:/Users/jhonj/Downloads/chat-bot/artisan(35): Illuminate/Foundation/Console/Kernel->handle()
#22 {main}

[previous exception] [object] (ReflectionException(code: -1): Class \"files\" does not exist at C:/Users/jhonj/Downloads/chat-bot/vendor/laravel/framework/src/Illuminate/Container/Container.php:912)
[stacktrace]
#0 C:/Users/jhonj/Downloads/chat-bot/vendor/laravel/framework/src/Illuminate/Container/Container.php(912): ReflectionClass->__construct()
#1 C:/Users/jhonj/Downloads/chat-bot/vendor/laravel/framework/src/Illuminate/Container/Container.php(795): Illuminate/Container/Container->build()
#2 C:/Users/jhonj/Downloads/chat-bot/vendor/laravel/framework/src/Illuminate/Foundation/Application.php(986): Illuminate/Container/Container->resolve()
#3 C:/Users/jhonj/Downloads/chat-bot/vendor/laravel/framework/src/Illuminate/Container/Container.php(731): Illuminate/Foundation/Application->resolve()
#4 C:/Users/jhonj/Downloads/chat-bot/vendor/laravel/framework/src/Illuminate/Foundation/Application.php(971): Illuminate/Container/Container->make()
#5 C:/Users/jhonj/Downloads/chat-bot/vendor/laravel/framework/src/Illuminate/Container/Container.php(1454): Illuminate/Foundation/Application->make()
#6 C:/Users/jhonj/Downloads/chat-bot/vendor/laravel/framework/src/Illuminate/Foundation/Application.php(1176): Illuminate/Container/Container->offsetGet()
#7 C:/Users/jhonj/Downloads/chat-bot/vendor/laravel/sanctum/src/SanctumServiceProvider.php(82): Illuminate/Foundation/Application->routesAreCached()
#8 C:/Users/jhonj/Downloads/chat-bot/vendor/laravel/sanctum/src/SanctumServiceProvider.php(58): Laravel/Sanctum/SanctumServiceProvider->defineRoutes()
#9 C:/Users/jhonj/Downloads/chat-bot/vendor/laravel/framework/src/Illuminate/Container/BoundMethod.php(36): Laravel/Sanctum/SanctumServiceProvider->boot()
#10 C:/Users/jhonj/Downloads/chat-bot/vendor/laravel/framework/src/Illuminate/Container/Util.php(41): Illuminate/Container/BoundMethod::Illuminate/Container/{closure}()
#11 C:/Users/jhonj/Downloads/chat-bot/vendor/laravel/framework/src/Illuminate/Container/BoundMethod.php(93): Illuminate/Container/Util::unwrapIfClosure()
#12 C:/Users/jhonj/Downloads/chat-bot/vendor/laravel/framework/src/Illuminate/Container/BoundMethod.php(35): Illuminate/Container/BoundMethod::callBoundMethod()
#13 C:/Users/jhonj/Downloads/chat-bot/vendor/laravel/framework/src/Illuminate/Container/Container.php(662): Illuminate/Container/BoundMethod::call()
#14 C:/Users/jhonj/Downloads/chat-bot/vendor/laravel/framework/src/Illuminate/Foundation/Application.php(1059): Illuminate/Container/Container->call()
#15 C:/Users/jhonj/Downloads/chat-bot/vendor/laravel/framework/src/Illuminate/Foundation/Application.php(1040): Illuminate/Foundation/Application->bootProvider()
#16 [internal function]: Illuminate/Foundation/Application->Illuminate/Foundation/{closure}()
#17 C:/Users/jhonj/Downloads/chat-bot/vendor/laravel/framework/src/Illuminate/Foundation/Application.php(1039): array_walk()
#18 C:/Users/jhonj/Downloads/chat-bot/vendor/laravel/framework/src/Illuminate/Foundation/Bootstrap/BootProviders.php(17): Illuminate/Foundation/Application->boot()
#19 C:/Users/jhonj/Downloads/chat-bot/vendor/laravel/framework/src/Illuminate/Foundation/Application.php(286): Illuminate/Foundation/Bootstrap/BootProviders->bootstrap()
#20 C:/Users/jhonj/Downloads/chat-bot/vendor/laravel/framework/src/Illuminate/Foundation/Console/Kernel.php(447): Illuminate/Foundation/Application->bootstrapWith()
#21 C:/Users/jhonj/Downloads/chat-bot/vendor/laravel/framework/src/Illuminate/Foundation/Console/Kernel.php(199): Illuminate/Foundation/Console/Kernel->bootstrap()
#22 C:/Users/jhonj/Downloads/chat-bot/artisan(35): Illuminate/Foundation/Console/Kernel->handle()
#23 {main}
"} 
[2026-01-28 07:25:43] laravel.EMERGENCY: Unable to create configured logger. Using emergency logger. {"exception":"[object] (InvalidArgumentException(code: 0): Log [] is not defined. at C:/Users/jhonj/Downloads/chat-bot/vendor/laravel/framework/src/Illuminate/Log/LogManager.php:212)
[stacktrace]
#0 C:/Users/jhonj/Downloads/chat-bot/vendor/laravel/framework/src/Illuminate/Log/LogManager.php(137): Illuminate/Log/LogManager->resolve()
#1 C:/Users/jhonj/Downloads/chat-bot/vendor/laravel/framework/src/Illuminate/Log/LogManager.php(124): Illuminate/Log/LogManager->get()
#2 C:/Users/jhonj/Downloads/chat-bot/vendor/laravel/framework/src/Illuminate/Log/LogManager.php(681): Illuminate/Log/LogManager->driver()
#3 C:/Users/jhonj/Downloads/chat-bot/vendor/laravel/framework/src/Illuminate/Foundation/Exceptions/Handler.php(317): Illuminate/Log/LogManager->error()
#4 C:/Users/jhonj/Downloads/chat-bot/vendor/laravel/framework/src/Illuminate/Foundation/Exceptions/Handler.php(278): Illuminate/Foundation/Exceptions/Handler->reportThrowable()
#5 C:/Users/jhonj/Downloads/chat-bot/vendor/nunomaduro/collision/src/Adapters/Laravel/ExceptionHandler.php(46): Illuminate/Foundation/Exceptions/Handler->report()
#6 C:/Users/jhonj/Downloads/chat-bot/vendor/laravel/framework/src/Illuminate/Foundation/Console/Kernel.php(523): NunoMaduro/Collision/Adapters/Laravel/ExceptionHandler->report()
#7 C:/Users/jhonj/Downloads/chat-bot/vendor/laravel/framework/src/Illuminate/Foundation/Console/Kernel.php(203): Illuminate/Foundation/Console/Kernel->reportException()
#8 C:/Users/jhonj/Downloads/chat-bot/artisan(35): Illuminate/Foundation/Console/Kernel->handle()
#9 {main}
"} 
[2026-01-28 07:25:43] laravel.ERROR: require(C:\Users\jhonj\Downloads\chat-bot\routes/console.php): Failed to open stream: No such file or directory {"exception":"[object] (ErrorException(code: 0): require(C:\\Users\\jhonj\\Downloads\\chat-bot\\routes/console.php): Failed to open stream: No such file or directory at C:/Users/jhonj/Downloads/chat-bot/app/Console/Kernel.php:25)
[stacktrace]
#0 C:/Users/jhonj/Downloads/chat-bot/vendor/laravel/framework/src/Illuminate/Foundation/Bootstrap/HandleExceptions.php(255): Illuminate/Foundation/Bootstrap/HandleExceptions->handleError()
#1 C:/Users/jhonj/Downloads/chat-bot/app/Console/Kernel.php(25): Illuminate/Foundation/Bootstrap/HandleExceptions->Illuminate/Foundation/Bootstrap/{closure}()
#2 C:/Users/jhonj/Downloads/chat-bot/app/Console/Kernel.php(25): require('...')
#3 C:/Users/jhonj/Downloads/chat-bot/vendor/laravel/framework/src/Illuminate/Foundation/Console/Kernel.php(453): App/Console/Kernel->commands()
#4 C:/Users/jhonj/Downloads/chat-bot/vendor/laravel/framework/src/Illuminate/Foundation/Console/Kernel.php(199): Illuminate/Foundation/Console/Kernel->bootstrap()
#5 C:/Users/jhonj/Downloads/chat-bot/artisan(35): Illuminate/Foundation/Console/Kernel->handle()
#6 {main}
"} 
[2026-01-28 07:26:41] laravel.EMERGENCY: Unable to create configured logger. Using emergency logger. {"exception":"[object] (InvalidArgumentException(code: 0): Log [] is not defined. at C:/Users/jhonj/Downloads/chat-bot/vendor/laravel/framework/src/Illuminate/Log/LogManager.php:212)
[stacktrace]
#0 C:/Users/jhonj/Downloads/chat-bot/vendor/laravel/framework/src/Illuminate/Log/LogManager.php(137): Illuminate/Log/LogManager->resolve()
#1 C:/Users/jhonj/Downloads/chat-bot/vendor/laravel/framework/src/Illuminate/Log/LogManager.php(124): Illuminate/Log/LogManager->get()
#2 C:/Users/jhonj/Downloads/chat-bot/vendor/laravel/framework/src/Illuminate/Log/LogManager.php(681): Illuminate/Log/LogManager->driver()
#3 C:/Users/jhonj/Downloads/chat-bot/vendor/laravel/framework/src/Illuminate/Foundation/Exceptions/Handler.php(317): Illuminate/Log/LogManager->error()
#4 C:/Users/jhonj/Downloads/chat-bot/vendor/laravel/framework/src/Illuminate/Foundation/Exceptions/Handler.php(278): Illuminate/Foundation/Exceptions/Handler->reportThrowable()
#5 C:/Users/jhonj/Downloads/chat-bot/vendor/nunomaduro/collision/src/Adapters/Laravel/ExceptionHandler.php(46): Illuminate/Foundation/Exceptions/Handler->report()
#6 C:/Users/jhonj/Downloads/chat-bot/vendor/laravel/framework/src/Illuminate/Foundation/Console/Kernel.php(523): NunoMaduro/Collision/Adapters/Laravel/ExceptionHandler->report()
#7 C:/Users/jhonj/Downloads/chat-bot/vendor/laravel/framework/src/Illuminate/Foundation/Console/Kernel.php(203): Illuminate/Foundation/Console/Kernel->reportException()
#8 C:/Users/jhonj/Downloads/chat-bot/artisan(35): Illuminate/Foundation/Console/Kernel->handle()
#9 {main}
"} 
[2026-01-28 07:26:41] laravel.ERROR: could not find driver (Connection: mysql, SQL: select table_name as `name`, (data_length + index_length) as `size`, table_comment as `comment`, engine as `engine`, table_collation as `collation` from information_schema.tables where table_schema = 'chatbot' and table_type in ('BASE TABLE', 'SYSTEM VERSIONED') order by table_name) {"exception":"[object] (Illuminate\\Database\\QueryException(code: 0): could not find driver (Connection: mysql, SQL: select table_name as `name`, (data_length + index_length) as `size`, table_comment as `comment`, engine as `engine`, table_collation as `collation` from information_schema.tables where table_schema = 'chatbot' and table_type in ('BASE TABLE', 'SYSTEM VERSIONED') order by table_name) at C:/Users/jhonj/Downloads/chat-bot/vendor/laravel/framework/src/Illuminate/Database/Connection.php:829)
[stacktrace]
#0 C:/Users/jhonj/Downloads/chat-bot/vendor/laravel/framework/src/Illuminate/Database/Connection.php(783): Illuminate/Database/Connection->runQueryCallback()
#1 C:/Users/jhonj/Downloads/chat-bot/vendor/laravel/framework/src/Illuminate/Database/Connection.php(414): Illuminate/Database/Connection->run()
#2 C:/Users/jhonj/Downloads/chat-bot/vendor/laravel/framework/src/Illuminate/Database/Connection.php(401): Illuminate/Database/Connection->select()
#3 C:/Users/jhonj/Downloads/chat-bot/vendor/laravel/framework/src/Illuminate/Database/Schema/MySqlBuilder.php(41): Illuminate/Database/Connection->selectFromWriteConnection()
#4 C:/Users/jhonj/Downloads/chat-bot/vendor/laravel/framework/src/Illuminate/Database/Schema/Builder.php(165): Illuminate/Database/Schema/MySqlBuilder->getTables()
#5 C:/Users/jhonj/Downloads/chat-bot/vendor/laravel/framework/src/Illuminate/Database/Migrations/DatabaseMigrationRepository.php(184): Illuminate/Database/Schema/Builder->hasTable()
#6 C:/Users/jhonj/Downloads/chat-bot/vendor/laravel/framework/src/Illuminate/Database/Migrations/Migrator.php(727): Illuminate/Database/Migrations/DatabaseMigrationRepository->repositoryExists()
#7 C:/Users/jhonj/Downloads/chat-bot/vendor/laravel/framework/src/Illuminate/Database/Console/Migrations/MigrateCommand.php(140): Illuminate/Database/Migrations/Migrator->repositoryExists()
#8 C:/Users/jhonj/Downloads/chat-bot/vendor/laravel/framework/src/Illuminate/Support/helpers.php(261): Illuminate/Database/Console/Migrations/MigrateCommand->Illuminate/Database/Console/Migrations/{closure}()
#9 C:/Users/jhonj/Downloads/chat-bot/vendor/laravel/framework/src/Illuminate/Database/Console/Migrations/MigrateCommand.php(140): retry()
#10 C:/Users/jhonj/Downloads/chat-bot/vendor/laravel/framework/src/Illuminate/Database/Console/Migrations/MigrateCommand.php(116): Illuminate/Database/Console/Migrations/MigrateCommand->repositoryExists()
#11 C:/Users/jhonj/Downloads/chat-bot/vendor/laravel/framework/src/Illuminate/Database/Console/Migrations/MigrateCommand.php(84): Illuminate/Database/Console/Migrations/MigrateCommand->prepareDatabase()
#12 C:/Users/jhonj/Downloads/chat-bot/vendor/laravel/framework/src/Illuminate/Database/Migrations/Migrator.php(641): Illuminate/Database/Console/Migrations/MigrateCommand->Illuminate/Database/Console/Migrations/{closure}()
#13 C:/Users/jhonj/Downloads/chat-bot/vendor/laravel/framework/src/Illuminate/Database/Console/Migrations/MigrateCommand.php(83): Illuminate/Database/Migrations/Migrator->usingConnection()
#14 C:/Users/jhonj/Downloads/chat-bot/vendor/laravel/framework/src/Illuminate/Container/BoundMethod.php(36): Illuminate/Database/Console/Migrations/MigrateCommand->handle()
#15 C:/Users/jhonj/Downloads/chat-bot/vendor/laravel/framework/src/Illuminate/Container/Util.php(41): Illuminate/Container/BoundMethod::Illuminate/Container/{closure}()
#16 C:/Users/jhonj/Downloads/chat-bot/vendor/laravel/framework/src/Illuminate/Container/BoundMethod.php(93): Illuminate/Container/Util::unwrapIfClosure()
#17 C:/Users/jhonj/Downloads/chat-bot/vendor/laravel/framework/src/Illuminate/Container/BoundMethod.php(35): Illuminate/Container/BoundMethod::callBoundMethod()
#18 C:/Users/jhonj/Downloads/chat-bot/vendor/laravel/framework/src/Illuminate/Container/Container.php(662): Illuminate/Container/BoundMethod::call()
#19 C:/Users/jhonj/Downloads/chat-bot/vendor/laravel/framework/src/Illuminate/Console/Command.php(211): Illuminate/Container/Container->call()
#20 C:/Users/jhonj/Downloads/chat-bot/vendor/symfony/console/Command/Command.php(326): Illuminate/Console/Command->execute()
#21 C:/Users/jhonj/Downloads/chat-bot/vendor/laravel/framework/src/Illuminate/Console/Command.php(180): Symfony/Component/Console/Command/Command->run()
#22 C:/Users/jhonj/Downloads/chat-bot/vendor/symfony/console/Application.php(1106): Illuminate/Console/Command->run()
#23 C:/Users/jhonj/Downloads/chat-bot/vendor/symfony/console/Application.php(324): Symfony/Component/Console/Application->doRunCommand()
#24 C:/Users/jhonj/Downloads/chat-bot/vendor/symfony/console/Application.php(175): Symfony/Component/Console/Application->doRun()
#25 C:/Users/jhonj/Downloads/chat-bot/vendor/laravel/framework/src/Illuminate/Foundation/Console/Kernel.php(201): Symfony/Component/Console/Application->run()
#26 C:/Users/jhonj/Downloads/chat-bot/artisan(35): Illuminate/Foundation/Console/Kernel->handle()
#27 {main}

[previous exception] [object] (PDOException(code: 0): could not find driver at C:/Users/jhonj/Downloads/chat-bot/vendor/laravel/framework/src/Illuminate/Database/Connectors/Connector.php:65)
[stacktrace]
#0 C:/Users/jhonj/Downloads/chat-bot/vendor/laravel/framework/src/Illuminate/Database/Connectors/Connector.php(65): PDO->__construct()
#1 C:/Users/jhonj/Downloads/chat-bot/vendor/laravel/framework/src/Illuminate/Database/Connectors/Connector.php(44): Illuminate/Database/Connectors/Connector->createPdoConnection()
#2 C:/Users/jhonj/Downloads/chat-bot/vendor/laravel/framework/src/Illuminate/Database/Connectors/MySqlConnector.php(24): Illuminate/Database/Connectors/Connector->createConnection()
#3 C:/Users/jhonj/Downloads/chat-bot/vendor/laravel/framework/src/Illuminate/Database/Connectors/ConnectionFactory.php(184): Illuminate/Database/Connectors/MySqlConnector->connect()
#4 [internal function]: Illuminate/Database/Connectors/ConnectionFactory->Illuminate/Database/Connectors/{closure}()
#5 C:/Users/jhonj/Downloads/chat-bot/vendor/laravel/framework/src/Illuminate/Database/Connection.php(1339): call_user_func()
#6 C:/Users/jhonj/Downloads/chat-bot/vendor/laravel/framework/src/Illuminate/Database/Connection.php(528): Illuminate/Database/Connection->getPdo()
#7 C:/Users/jhonj/Downloads/chat-bot/vendor/laravel/framework/src/Illuminate/Database/Connection.php(423): Illuminate/Database/Connection->getPdoForSelect()
#8 C:/Users/jhonj/Downloads/chat-bot/vendor/laravel/framework/src/Illuminate/Database/Connection.php(816): Illuminate/Database/Connection->Illuminate/Database/{closure}()
#9 C:/Users/jhonj/Downloads/chat-bot/vendor/laravel/framework/src/Illuminate/Database/Connection.php(783): Illuminate/Database/Connection->runQueryCallback()
#10 C:/Users/jhonj/Downloads/chat-bot/vendor/laravel/framework/src/Illuminate/Database/Connection.php(414): Illuminate/Database/Connection->run()
#11 C:/Users/jhonj/Downloads/chat-bot/vendor/laravel/framework/src/Illuminate/Database/Connection.php(401): Illuminate/Database/Connection->select()
#12 C:/Users/jhonj/Downloads/chat-bot/vendor/laravel/framework/src/Illuminate/Database/Schema/MySqlBuilder.php(41): Illuminate/Database/Connection->selectFromWriteConnection()
#13 C:/Users/jhonj/Downloads/chat-bot/vendor/laravel/framework/src/Illuminate/Database/Schema/Builder.php(165): Illuminate/Database/Schema/MySqlBuilder->getTables()
#14 C:/Users/jhonj/Downloads/chat-bot/vendor/laravel/framework/src/Illuminate/Database/Migrations/DatabaseMigrationRepository.php(184): Illuminate/Database/Schema/Builder->hasTable()
#15 C:/Users/jhonj/Downloads/chat-bot/vendor/laravel/framework/src/Illuminate/Database/Migrations/Migrator.php(727): Illuminate/Database/Migrations/DatabaseMigrationRepository->repositoryExists()
#16 C:/Users/jhonj/Downloads/chat-bot/vendor/laravel/framework/src/Illuminate/Database/Console/Migrations/MigrateCommand.php(140): Illuminate/Database/Migrations/Migrator->repositoryExists()
#17 C:/Users/jhonj/Downloads/chat-bot/vendor/laravel/framework/src/Illuminate/Support/helpers.php(261): Illuminate/Database/Console/Migrations/MigrateCommand->Illuminate/Database/Console/Migrations/{closure}()
#18 C:/Users/jhonj/Downloads/chat-bot/vendor/laravel/framework/src/Illuminate/Database/Console/Migrations/MigrateCommand.php(140): retry()
#19 C:/Users/jhonj/Downloads/chat-bot/vendor/laravel/framework/src/Illuminate/Database/Console/Migrations/MigrateCommand.php(116): Illuminate/Database/Console/Migrations/MigrateCommand->repositoryExists()
#20 C:/Users/jhonj/Downloads/chat-bot/vendor/laravel/framework/src/Illuminate/Database/Console/Migrations/MigrateCommand.php(84): Illuminate/Database/Console/Migrations/MigrateCommand->prepareDatabase()
#21 C:/Users/jhonj/Downloads/chat-bot/vendor/laravel/framework/src/Illuminate/Database/Migrations/Migrator.php(641): Illuminate/Database/Console/Migrations/MigrateCommand->Illuminate/Database/Console/Migrations/{closure}()
#22 C:/Users/jhonj/Downloads/chat-bot/vendor/laravel/framework/src/Illuminate/Database/Console/Migrations/MigrateCommand.php(83): Illuminate/Database/Migrations/Migrator->usingConnection()
#23 C:/Users/jhonj/Downloads/chat-bot/vendor/laravel/framework/src/Illuminate/Container/BoundMethod.php(36): Illuminate/Database/Console/Migrations/MigrateCommand->handle()
#24 C:/Users/jhonj/Downloads/chat-bot/vendor/laravel/framework/src/Illuminate/Container/Util.php(41): Illuminate/Container/BoundMethod::Illuminate/Container/{closure}()
#25 C:/Users/jhonj/Downloads/chat-bot/vendor/laravel/framework/src/Illuminate/Container/BoundMethod.php(93): Illuminate/Container/Util::unwrapIfClosure()
#26 C:/Users/jhonj/Downloads/chat-bot/vendor/laravel/framework/src/Illuminate/Container/BoundMethod.php(35): Illuminate/Container/BoundMethod::callBoundMethod()
#27 C:/Users/jhonj/Downloads/chat-bot/vendor/laravel/framework/src/Illuminate/Container/Container.php(662): Illuminate/Container/BoundMethod::call()
#28 C:/Users/jhonj/Downloads/chat-bot/vendor/laravel/framework/src/Illuminate/Console/Command.php(211): Illuminate/Container/Container->call()
#29 C:/Users/jhonj/Downloads/chat-bot/vendor/symfony/console/Command/Command.php(326): Illuminate/Console/Command->execute()
#30 C:/Users/jhonj/Downloads/chat-bot/vendor/laravel/framework/src/Illuminate/Console/Command.php(180): Symfony/Component/Console/Command/Command->run()
#31 C:/Users/jhonj/Downloads/chat-bot/vendor/symfony/console/Application.php(1106): Illuminate/Console/Command->run()
#32 C:/Users/jhonj/Downloads/chat-bot/vendor/symfony/console/Application.php(324): Symfony/Component/Console/Application->doRunCommand()
#33 C:/Users/jhonj/Downloads/chat-bot/vendor/symfony/console/Application.php(175): Symfony/Component/Console/Application->doRun()
#34 C:/Users/jhonj/Downloads/chat-bot/vendor/laravel/framework/src/Illuminate/Foundation/Console/Kernel.php(201): Symfony/Component/Console/Application->run()
#35 C:/Users/jhonj/Downloads/chat-bot/artisan(35): Illuminate/Foundation/Console/Kernel->handle()
#36 {main}
"} 
[2026-01-28 07:30:27] laravel.EMERGENCY: Unable to create configured logger. Using emergency logger. {"exception":"[object] (InvalidArgumentException(code: 0): Log [] is not defined. at C:/Users/jhonj/Downloads/chat-bot/vendor/laravel/framework/src/Illuminate/Log/LogManager.php:212)
[stacktrace]
#0 C:/Users/jhonj/Downloads/chat-bot/vendor/laravel/framework/src/Illuminate/Log/LogManager.php(137): Illuminate/Log/LogManager->resolve()
#1 C:/Users/jhonj/Downloads/chat-bot/vendor/laravel/framework/src/Illuminate/Log/LogManager.php(124): Illuminate/Log/LogManager->get()
#2 C:/Users/jhonj/Downloads/chat-bot/vendor/laravel/framework/src/Illuminate/Log/LogManager.php(681): Illuminate/Log/LogManager->driver()
#3 C:/Users/jhonj/Downloads/chat-bot/vendor/laravel/framework/src/Illuminate/Foundation/Exceptions/Handler.php(317): Illuminate/Log/LogManager->error()
#4 C:/Users/jhonj/Downloads/chat-bot/vendor/laravel/framework/src/Illuminate/Foundation/Exceptions/Handler.php(278): Illuminate/Foundation/Exceptions/Handler->reportThrowable()
#5 C:/Users/jhonj/Downloads/chat-bot/vendor/nunomaduro/collision/src/Adapters/Laravel/ExceptionHandler.php(46): Illuminate/Foundation/Exceptions/Handler->report()
#6 C:/Users/jhonj/Downloads/chat-bot/vendor/laravel/framework/src/Illuminate/Foundation/Console/Kernel.php(523): NunoMaduro/Collision/Adapters/Laravel/ExceptionHandler->report()
#7 C:/Users/jhonj/Downloads/chat-bot/vendor/laravel/framework/src/Illuminate/Foundation/Console/Kernel.php(203): Illuminate/Foundation/Console/Kernel->reportException()
#8 C:/Users/jhonj/Downloads/chat-bot/artisan(35): Illuminate/Foundation/Console/Kernel->handle()
#9 {main}
"} 
[2026-01-28 07:30:27] laravel.ERROR: SQLSTATE[42000]: Syntax error or access violation: 1103 Incorrect table name '' (Connection: mysql, SQL: create table `` (`id` int unsigned not null auto_increment primary key, `migration` varchar(255) not null, `batch` int not null) default character set utf8mb4 collate 'utf8mb4_unicode_ci') {"exception":"[object] (Illuminate\\Database\\QueryException(code: 42000): SQLSTATE[42000]: Syntax error or access violation: 1103 Incorrect table name '' (Connection: mysql, SQL: create table `` (`id` int unsigned not null auto_increment primary key, `migration` varchar(255) not null, `batch` int not null) default character set utf8mb4 collate 'utf8mb4_unicode_ci') at C:/Users/jhonj/Downloads/chat-bot/vendor/laravel/framework/src/Illuminate/Database/Connection.php:829)
[stacktrace]
#0 C:/Users/jhonj/Downloads/chat-bot/vendor/laravel/framework/src/Illuminate/Database/Connection.php(783): Illuminate/Database/Connection->runQueryCallback()
#1 C:/Users/jhonj/Downloads/chat-bot/vendor/laravel/framework/src/Illuminate/Database/Connection.php(576): Illuminate/Database/Connection->run()
#2 C:/Users/jhonj/Downloads/chat-bot/vendor/laravel/framework/src/Illuminate/Database/Schema/Blueprint.php(110): Illuminate/Database/Connection->statement()
#3 C:/Users/jhonj/Downloads/chat-bot/vendor/laravel/framework/src/Illuminate/Database/Schema/Builder.php(602): Illuminate/Database/Schema/Blueprint->build()
#4 C:/Users/jhonj/Downloads/chat-bot/vendor/laravel/framework/src/Illuminate/Database/Schema/Builder.php(456): Illuminate/Database/Schema/Builder->build()
#5 C:/Users/jhonj/Downloads/chat-bot/vendor/laravel/framework/src/Illuminate/Database/Migrations/DatabaseMigrationRepository.php(165): Illuminate/Database/Schema/Builder->create()
#6 C:/Users/jhonj/Downloads/chat-bot/vendor/laravel/framework/src/Illuminate/Database/Console/Migrations/InstallCommand.php(54): Illuminate/Database/Migrations/DatabaseMigrationRepository->createRepository()
#7 C:/Users/jhonj/Downloads/chat-bot/vendor/laravel/framework/src/Illuminate/Container/BoundMethod.php(36): Illuminate/Database/Console/Migrations/InstallCommand->handle()
#8 C:/Users/jhonj/Downloads/chat-bot/vendor/laravel/framework/src/Illuminate/Container/Util.php(41): Illuminate/Container/BoundMethod::Illuminate/Container/{closure}()
#9 C:/Users/jhonj/Downloads/chat-bot/vendor/laravel/framework/src/Illuminate/Container/BoundMethod.php(93): Illuminate/Container/Util::unwrapIfClosure()
#10 C:/Users/jhonj/Downloads/chat-bot/vendor/laravel/framework/src/Illuminate/Container/BoundMethod.php(35): Illuminate/Container/BoundMethod::callBoundMethod()
#11 C:/Users/jhonj/Downloads/chat-bot/vendor/laravel/framework/src/Illuminate/Container/Container.php(662): Illuminate/Container/BoundMethod::call()
#12 C:/Users/jhonj/Downloads/chat-bot/vendor/laravel/framework/src/Illuminate/Console/Command.php(211): Illuminate/Container/Container->call()
#13 C:/Users/jhonj/Downloads/chat-bot/vendor/symfony/console/Command/Command.php(326): Illuminate/Console/Command->execute()
#14 C:/Users/jhonj/Downloads/chat-bot/vendor/laravel/framework/src/Illuminate/Console/Command.php(180): Symfony/Component/Console/Command/Command->run()
#15 C:/Users/jhonj/Downloads/chat-bot/vendor/laravel/framework/src/Illuminate/Console/Concerns/CallsCommands.php(67): Illuminate/Console/Command->run()
#16 C:/Users/jhonj/Downloads/chat-bot/vendor/laravel/framework/src/Illuminate/Console/Concerns/CallsCommands.php(40): Illuminate/Console/Command->runCommand()
#17 C:/Users/jhonj/Downloads/chat-bot/vendor/laravel/framework/src/Illuminate/Database/Console/Migrations/MigrateCommand.php(120): Illuminate/Console/Command->callSilent()
#18 C:/Users/jhonj/Downloads/chat-bot/vendor/laravel/framework/src/Illuminate/Console/View/Components/Task.php(37): Illuminate/Database/Console/Migrations/MigrateCommand->Illuminate/Database/Console/Migrations/{closure}()
#19 C:/Users/jhonj/Downloads/chat-bot/vendor/laravel/framework/src/Illuminate/Console/View/Components/Factory.php(58): Illuminate/Console/View/Components/Task->render()
#20 C:/Users/jhonj/Downloads/chat-bot/vendor/laravel/framework/src/Illuminate/Database/Console/Migrations/MigrateCommand.php(119): Illuminate/Console/View/Components/Factory->__call()
#21 C:/Users/jhonj/Downloads/chat-bot/vendor/laravel/framework/src/Illuminate/Database/Console/Migrations/MigrateCommand.php(84): Illuminate/Database/Console/Migrations/MigrateCommand->prepareDatabase()
#22 C:/Users/jhonj/Downloads/chat-bot/vendor/laravel/framework/src/Illuminate/Database/Migrations/Migrator.php(641): Illuminate/Database/Console/Migrations/MigrateCommand->Illuminate/Database/Console/Migrations/{closure}()
#23 C:/Users/jhonj/Downloads/chat-bot/vendor/laravel/framework/src/Illuminate/Database/Console/Migrations/MigrateCommand.php(83): Illuminate/Database/Migrations/Migrator->usingConnection()
#24 C:/Users/jhonj/Downloads/chat-bot/vendor/laravel/framework/src/Illuminate/Container/BoundMethod.php(36): Illuminate/Database/Console/Migrations/MigrateCommand->handle()
#25 C:/Users/jhonj/Downloads/chat-bot/vendor/laravel/framework/src/Illuminate/Container/Util.php(41): Illuminate/Container/BoundMethod::Illuminate/Container/{closure}()
#26 C:/Users/jhonj/Downloads/chat-bot/vendor/laravel/framework/src/Illuminate/Container/BoundMethod.php(93): Illuminate/Container/Util::unwrapIfClosure()
#27 C:/Users/jhonj/Downloads/chat-bot/vendor/laravel/framework/src/Illuminate/Container/BoundMethod.php(35): Illuminate/Container/BoundMethod::callBoundMethod()
#28 C:/Users/jhonj/Downloads/chat-bot/vendor/laravel/framework/src/Illuminate/Container/Container.php(662): Illuminate/Container/BoundMethod::call()
#29 C:/Users/jhonj/Downloads/chat-bot/vendor/laravel/framework/src/Illuminate/Console/Command.php(211): Illuminate/Container/Container->call()
#30 C:/Users/jhonj/Downloads/chat-bot/vendor/symfony/console/Command/Command.php(326): Illuminate/Console/Command->execute()
#31 C:/Users/jhonj/Downloads/chat-bot/vendor/laravel/framework/src/Illuminate/Console/Command.php(180): Symfony/Component/Console/Command/Command->run()
#32 C:/Users/jhonj/Downloads/chat-bot/vendor/symfony/console/Application.php(1106): Illuminate/Console/Command->run()
#33 C:/Users/jhonj/Downloads/chat-bot/vendor/symfony/console/Application.php(324): Symfony/Component/Console/Application->doRunCommand()
#34 C:/Users/jhonj/Downloads/chat-bot/vendor/symfony/console/Application.php(175): Symfony/Component/Console/Application->doRun()
#35 C:/Users/jhonj/Downloads/chat-bot/vendor/laravel/framework/src/Illuminate/Foundation/Console/Kernel.php(201): Symfony/Component/Console/Application->run()
#36 C:/Users/jhonj/Downloads/chat-bot/artisan(35): Illuminate/Foundation/Console/Kernel->handle()
#37 {main}

[previous exception] [object] (PDOException(code: 42000): SQLSTATE[42000]: Syntax error or access violation: 1103 Incorrect table name '' at C:/Users/jhonj/Downloads/chat-bot/vendor/laravel/framework/src/Illuminate/Database/Connection.php:581)
[stacktrace]
#0 C:/Users/jhonj/Downloads/chat-bot/vendor/laravel/framework/src/Illuminate/Database/Connection.php(581): PDO->prepare()
#1 C:/Users/jhonj/Downloads/chat-bot/vendor/laravel/framework/src/Illuminate/Database/Connection.php(816): Illuminate/Database/Connection->Illuminate/Database/{closure}()
#2 C:/Users/jhonj/Downloads/chat-bot/vendor/laravel/framework/src/Illuminate/Database/Connection.php(783): Illuminate/Database/Connection->runQueryCallback()
#3 C:/Users/jhonj/Downloads/chat-bot/vendor/laravel/framework/src/Illuminate/Database/Connection.php(576): Illuminate/Database/Connection->run()
#4 C:/Users/jhonj/Downloads/chat-bot/vendor/laravel/framework/src/Illuminate/Database/Schema/Blueprint.php(110): Illuminate/Database/Connection->statement()
#5 C:/Users/jhonj/Downloads/chat-bot/vendor/laravel/framework/src/Illuminate/Database/Schema/Builder.php(602): Illuminate/Database/Schema/Blueprint->build()
#6 C:/Users/jhonj/Downloads/chat-bot/vendor/laravel/framework/src/Illuminate/Database/Schema/Builder.php(456): Illuminate/Database/Schema/Builder->build()
#7 C:/Users/jhonj/Downloads/chat-bot/vendor/laravel/framework/src/Illuminate/Database/Migrations/DatabaseMigrationRepository.php(165): Illuminate/Database/Schema/Builder->create()
#8 C:/Users/jhonj/Downloads/chat-bot/vendor/laravel/framework/src/Illuminate/Database/Console/Migrations/InstallCommand.php(54): Illuminate/Database/Migrations/DatabaseMigrationRepository->createRepository()
#9 C:/Users/jhonj/Downloads/chat-bot/vendor/laravel/framework/src/Illuminate/Container/BoundMethod.php(36): Illuminate/Database/Console/Migrations/InstallCommand->handle()
#10 C:/Users/jhonj/Downloads/chat-bot/vendor/laravel/framework/src/Illuminate/Container/Util.php(41): Illuminate/Container/BoundMethod::Illuminate/Container/{closure}()
#11 C:/Users/jhonj/Downloads/chat-bot/vendor/laravel/framework/src/Illuminate/Container/BoundMethod.php(93): Illuminate/Container/Util::unwrapIfClosure()
#12 C:/Users/jhonj/Downloads/chat-bot/vendor/laravel/framework/src/Illuminate/Container/BoundMethod.php(35): Illuminate/Container/BoundMethod::callBoundMethod()
#13 C:/Users/jhonj/Downloads/chat-bot/vendor/laravel/framework/src/Illuminate/Container/Container.php(662): Illuminate/Container/BoundMethod::call()
#14 C:/Users/jhonj/Downloads/chat-bot/vendor/laravel/framework/src/Illuminate/Console/Command.php(211): Illuminate/Container/Container->call()
#15 C:/Users/jhonj/Downloads/chat-bot/vendor/symfony/console/Command/Command.php(326): Illuminate/Console/Command->execute()
#16 C:/Users/jhonj/Downloads/chat-bot/vendor/laravel/framework/src/Illuminate/Console/Command.php(180): Symfony/Component/Console/Command/Command->run()
#17 C:/Users/jhonj/Downloads/chat-bot/vendor/laravel/framework/src/Illuminate/Console/Concerns/CallsCommands.php(67): Illuminate/Console/Command->run()
#18 C:/Users/jhonj/Downloads/chat-bot/vendor/laravel/framework/src/Illuminate/Console/Concerns/CallsCommands.php(40): Illuminate/Console/Command->runCommand()
#19 C:/Users/jhonj/Downloads/chat-bot/vendor/laravel/framework/src/Illuminate/Database/Console/Migrations/MigrateCommand.php(120): Illuminate/Console/Command->callSilent()
#20 C:/Users/jhonj/Downloads/chat-bot/vendor/laravel/framework/src/Illuminate/Console/View/Components/Task.php(37): Illuminate/Database/Console/Migrations/MigrateCommand->Illuminate/Database/Console/Migrations/{closure}()
#21 C:/Users/jhonj/Downloads/chat-bot/vendor/laravel/framework/src/Illuminate/Console/View/Components/Factory.php(58): Illuminate/Console/View/Components/Task->render()
#22 C:/Users/jhonj/Downloads/chat-bot/vendor/laravel/framework/src/Illuminate/Database/Console/Migrations/MigrateCommand.php(119): Illuminate/Console/View/Components/Factory->__call()
#23 C:/Users/jhonj/Downloads/chat-bot/vendor/laravel/framework/src/Illuminate/Database/Console/Migrations/MigrateCommand.php(84): Illuminate/Database/Console/Migrations/MigrateCommand->prepareDatabase()
#24 C:/Users/jhonj/Downloads/chat-bot/vendor/laravel/framework/src/Illuminate/Database/Migrations/Migrator.php(641): Illuminate/Database/Console/Migrations/MigrateCommand->Illuminate/Database/Console/Migrations/{closure}()
#25 C:/Users/jhonj/Downloads/chat-bot/vendor/laravel/framework/src/Illuminate/Database/Console/Migrations/MigrateCommand.php(83): Illuminate/Database/Migrations/Migrator->usingConnection()
#26 C:/Users/jhonj/Downloads/chat-bot/vendor/laravel/framework/src/Illuminate/Container/BoundMethod.php(36): Illuminate/Database/Console/Migrations/MigrateCommand->handle()
#27 C:/Users/jhonj/Downloads/chat-bot/vendor/laravel/framework/src/Illuminate/Container/Util.php(41): Illuminate/Container/BoundMethod::Illuminate/Container/{closure}()
#28 C:/Users/jhonj/Downloads/chat-bot/vendor/laravel/framework/src/Illuminate/Container/BoundMethod.php(93): Illuminate/Container/Util::unwrapIfClosure()
#29 C:/Users/jhonj/Downloads/chat-bot/vendor/laravel/framework/src/Illuminate/Container/BoundMethod.php(35): Illuminate/Container/BoundMethod::callBoundMethod()
#30 C:/Users/jhonj/Downloads/chat-bot/vendor/laravel/framework/src/Illuminate/Container/Container.php(662): Illuminate/Container/BoundMethod::call()
#31 C:/Users/jhonj/Downloads/chat-bot/vendor/laravel/framework/src/Illuminate/Console/Command.php(211): Illuminate/Container/Container->call()
#32 C:/Users/jhonj/Downloads/chat-bot/vendor/symfony/console/Command/Command.php(326): Illuminate/Console/Command->execute()
#33 C:/Users/jhonj/Downloads/chat-bot/vendor/laravel/framework/src/Illuminate/Console/Command.php(180): Symfony/Component/Console/Command/Command->run()
#34 C:/Users/jhonj/Downloads/chat-bot/vendor/symfony/console/Application.php(1106): Illuminate/Console/Command->run()
#35 C:/Users/jhonj/Downloads/chat-bot/vendor/symfony/console/Application.php(324): Symfony/Component/Console/Application->doRunCommand()
#36 C:/Users/jhonj/Downloads/chat-bot/vendor/symfony/console/Application.php(175): Symfony/Component/Console/Application->doRun()
#37 C:/Users/jhonj/Downloads/chat-bot/vendor/laravel/framework/src/Illuminate/Foundation/Console/Kernel.php(201): Symfony/Component/Console/Application->run()
#38 C:/Users/jhonj/Downloads/chat-bot/artisan(35): Illuminate/Foundation/Console/Kernel->handle()
#39 {main}
"} 
[2026-01-28 07:33:05] laravel.EMERGENCY: Unable to create configured logger. Using emergency logger. {"exception":"[object] (InvalidArgumentException(code: 0): Log [] is not defined. at C:/Users/jhonj/Downloads/chat-bot/vendor/laravel/framework/src/Illuminate/Log/LogManager.php:212)
[stacktrace]
#0 C:/Users/jhonj/Downloads/chat-bot/vendor/laravel/framework/src/Illuminate/Log/LogManager.php(137): Illuminate/Log/LogManager->resolve()
#1 C:/Users/jhonj/Downloads/chat-bot/vendor/laravel/framework/src/Illuminate/Log/LogManager.php(124): Illuminate/Log/LogManager->get()
#2 C:/Users/jhonj/Downloads/chat-bot/vendor/laravel/framework/src/Illuminate/Log/LogManager.php(681): Illuminate/Log/LogManager->driver()
#3 C:/Users/jhonj/Downloads/chat-bot/vendor/laravel/framework/src/Illuminate/Foundation/Exceptions/Handler.php(317): Illuminate/Log/LogManager->error()
#4 C:/Users/jhonj/Downloads/chat-bot/vendor/laravel/framework/src/Illuminate/Foundation/Exceptions/Handler.php(278): Illuminate/Foundation/Exceptions/Handler->reportThrowable()
#5 C:/Users/jhonj/Downloads/chat-bot/vendor/nunomaduro/collision/src/Adapters/Laravel/ExceptionHandler.php(46): Illuminate/Foundation/Exceptions/Handler->report()
#6 C:/Users/jhonj/Downloads/chat-bot/vendor/laravel/framework/src/Illuminate/Foundation/Console/Kernel.php(523): NunoMaduro/Collision/Adapters/Laravel/ExceptionHandler->report()
#7 C:/Users/jhonj/Downloads/chat-bot/vendor/laravel/framework/src/Illuminate/Foundation/Console/Kernel.php(203): Illuminate/Foundation/Console/Kernel->reportException()
#8 C:/Users/jhonj/Downloads/chat-bot/artisan(35): Illuminate/Foundation/Console/Kernel->handle()
#9 {main}
"} 
[2026-01-28 07:33:05] laravel.ERROR: SQLSTATE[42000]: Syntax error or access violation: 1103 Incorrect table name '' (Connection: mysql, SQL: create table `` (`id` int unsigned not null auto_increment primary key, `migration` varchar(255) not null, `batch` int not null) default character set utf8mb4 collate 'utf8mb4_unicode_ci') {"exception":"[object] (Illuminate\\Database\\QueryException(code: 42000): SQLSTATE[42000]: Syntax error or access violation: 1103 Incorrect table name '' (Connection: mysql, SQL: create table `` (`id` int unsigned not null auto_increment primary key, `migration` varchar(255) not null, `batch` int not null) default character set utf8mb4 collate 'utf8mb4_unicode_ci') at C:/Users/jhonj/Downloads/chat-bot/vendor/laravel/framework/src/Illuminate/Database/Connection.php:829)
[stacktrace]
#0 C:/Users/jhonj/Downloads/chat-bot/vendor/laravel/framework/src/Illuminate/Database/Connection.php(783): Illuminate/Database/Connection->runQueryCallback()
#1 C:/Users/jhonj/Downloads/chat-bot/vendor/laravel/framework/src/Illuminate/Database/Connection.php(576): Illuminate/Database/Connection->run()
#2 C:/Users/jhonj/Downloads/chat-bot/vendor/laravel/framework/src/Illuminate/Database/Schema/Blueprint.php(110): Illuminate/Database/Connection->statement()
#3 C:/Users/jhonj/Downloads/chat-bot/vendor/laravel/framework/src/Illuminate/Database/Schema/Builder.php(602): Illuminate/Database/Schema/Blueprint->build()
#4 C:/Users/jhonj/Downloads/chat-bot/vendor/laravel/framework/src/Illuminate/Database/Schema/Builder.php(456): Illuminate/Database/Schema/Builder->build()
#5 C:/Users/jhonj/Downloads/chat-bot/vendor/laravel/framework/src/Illuminate/Database/Migrations/DatabaseMigrationRepository.php(165): Illuminate/Database/Schema/Builder->create()
#6 C:/Users/jhonj/Downloads/chat-bot/vendor/laravel/framework/src/Illuminate/Database/Console/Migrations/InstallCommand.php(54): Illuminate/Database/Migrations/DatabaseMigrationRepository->createRepository()
#7 C:/Users/jhonj/Downloads/chat-bot/vendor/laravel/framework/src/Illuminate/Container/BoundMethod.php(36): Illuminate/Database/Console/Migrations/InstallCommand->handle()
#8 C:/Users/jhonj/Downloads/chat-bot/vendor/laravel/framework/src/Illuminate/Container/Util.php(41): Illuminate/Container/BoundMethod::Illuminate/Container/{closure}()
#9 C:/Users/jhonj/Downloads/chat-bot/vendor/laravel/framework/src/Illuminate/Container/BoundMethod.php(93): Illuminate/Container/Util::unwrapIfClosure()
#10 C:/Users/jhonj/Downloads/chat-bot/vendor/laravel/framework/src/Illuminate/Container/BoundMethod.php(35): Illuminate/Container/BoundMethod::callBoundMethod()
#11 C:/Users/jhonj/Downloads/chat-bot/vendor/laravel/framework/src/Illuminate/Container/Container.php(662): Illuminate/Container/BoundMethod::call()
#12 C:/Users/jhonj/Downloads/chat-bot/vendor/laravel/framework/src/Illuminate/Console/Command.php(211): Illuminate/Container/Container->call()
#13 C:/Users/jhonj/Downloads/chat-bot/vendor/symfony/console/Command/Command.php(326): Illuminate/Console/Command->execute()
#14 C:/Users/jhonj/Downloads/chat-bot/vendor/laravel/framework/src/Illuminate/Console/Command.php(180): Symfony/Component/Console/Command/Command->run()
#15 C:/Users/jhonj/Downloads/chat-bot/vendor/laravel/framework/src/Illuminate/Console/Concerns/CallsCommands.php(67): Illuminate/Console/Command->run()
#16 C:/Users/jhonj/Downloads/chat-bot/vendor/laravel/framework/src/Illuminate/Console/Concerns/CallsCommands.php(40): Illuminate/Console/Command->runCommand()
#17 C:/Users/jhonj/Downloads/chat-bot/vendor/laravel/framework/src/Illuminate/Database/Console/Migrations/MigrateCommand.php(120): Illuminate/Console/Command->callSilent()
#18 C:/Users/jhonj/Downloads/chat-bot/vendor/laravel/framework/src/Illuminate/Console/View/Components/Task.php(37): Illuminate/Database/Console/Migrations/MigrateCommand->Illuminate/Database/Console/Migrations/{closure}()
#19 C:/Users/jhonj/Downloads/chat-bot/vendor/laravel/framework/src/Illuminate/Console/View/Components/Factory.php(58): Illuminate/Console/View/Components/Task->render()
#20 C:/Users/jhonj/Downloads/chat-bot/vendor/laravel/framework/src/Illuminate/Database/Console/Migrations/MigrateCommand.php(119): Illuminate/Console/View/Components/Factory->__call()
#21 C:/Users/jhonj/Downloads/chat-bot/vendor/laravel/framework/src/Illuminate/Database/Console/Migrations/MigrateCommand.php(84): Illuminate/Database/Console/Migrations/MigrateCommand->prepareDatabase()
#22 C:/Users/jhonj/Downloads/chat-bot/vendor/laravel/framework/src/Illuminate/Database/Migrations/Migrator.php(641): Illuminate/Database/Console/Migrations/MigrateCommand->Illuminate/Database/Console/Migrations/{closure}()
#23 C:/Users/jhonj/Downloads/chat-bot/vendor/laravel/framework/src/Illuminate/Database/Console/Migrations/MigrateCommand.php(83): Illuminate/Database/Migrations/Migrator->usingConnection()
#24 C:/Users/jhonj/Downloads/chat-bot/vendor/laravel/framework/src/Illuminate/Container/BoundMethod.php(36): Illuminate/Database/Console/Migrations/MigrateCommand->handle()
#25 C:/Users/jhonj/Downloads/chat-bot/vendor/laravel/framework/src/Illuminate/Container/Util.php(41): Illuminate/Container/BoundMethod::Illuminate/Container/{closure}()
#26 C:/Users/jhonj/Downloads/chat-bot/vendor/laravel/framework/src/Illuminate/Container/BoundMethod.php(93): Illuminate/Container/Util::unwrapIfClosure()
#27 C:/Users/jhonj/Downloads/chat-bot/vendor/laravel/framework/src/Illuminate/Container/BoundMethod.php(35): Illuminate/Container/BoundMethod::callBoundMethod()
#28 C:/Users/jhonj/Downloads/chat-bot/vendor/laravel/framework/src/Illuminate/Container/Container.php(662): Illuminate/Container/BoundMethod::call()
#29 C:/Users/jhonj/Downloads/chat-bot/vendor/laravel/framework/src/Illuminate/Console/Command.php(211): Illuminate/Container/Container->call()
#30 C:/Users/jhonj/Downloads/chat-bot/vendor/symfony/console/Command/Command.php(326): Illuminate/Console/Command->execute()
#31 C:/Users/jhonj/Downloads/chat-bot/vendor/laravel/framework/src/Illuminate/Console/Command.php(180): Symfony/Component/Console/Command/Command->run()
#32 C:/Users/jhonj/Downloads/chat-bot/vendor/symfony/console/Application.php(1106): Illuminate/Console/Command->run()
#33 C:/Users/jhonj/Downloads/chat-bot/vendor/symfony/console/Application.php(324): Symfony/Component/Console/Application->doRunCommand()
#34 C:/Users/jhonj/Downloads/chat-bot/vendor/symfony/console/Application.php(175): Symfony/Component/Console/Application->doRun()
#35 C:/Users/jhonj/Downloads/chat-bot/vendor/laravel/framework/src/Illuminate/Foundation/Console/Kernel.php(201): Symfony/Component/Console/Application->run()
#36 C:/Users/jhonj/Downloads/chat-bot/artisan(35): Illuminate/Foundation/Console/Kernel->handle()
#37 {main}

[previous exception] [object] (PDOException(code: 42000): SQLSTATE[42000]: Syntax error or access violation: 1103 Incorrect table name '' at C:/Users/jhonj/Downloads/chat-bot/vendor/laravel/framework/src/Illuminate/Database/Connection.php:581)
[stacktrace]
#0 C:/Users/jhonj/Downloads/chat-bot/vendor/laravel/framework/src/Illuminate/Database/Connection.php(581): PDO->prepare()
#1 C:/Users/jhonj/Downloads/chat-bot/vendor/laravel/framework/src/Illuminate/Database/Connection.php(816): Illuminate/Database/Connection->Illuminate/Database/{closure}()
#2 C:/Users/jhonj/Downloads/chat-bot/vendor/laravel/framework/src/Illuminate/Database/Connection.php(783): Illuminate/Database/Connection->runQueryCallback()
#3 C:/Users/jhonj/Downloads/chat-bot/vendor/laravel/framework/src/Illuminate/Database/Connection.php(576): Illuminate/Database/Connection->run()
#4 C:/Users/jhonj/Downloads/chat-bot/vendor/laravel/framework/src/Illuminate/Database/Schema/Blueprint.php(110): Illuminate/Database/Connection->statement()
#5 C:/Users/jhonj/Downloads/chat-bot/vendor/laravel/framework/src/Illuminate/Database/Schema/Builder.php(602): Illuminate/Database/Schema/Blueprint->build()
#6 C:/Users/jhonj/Downloads/chat-bot/vendor/laravel/framework/src/Illuminate/Database/Schema/Builder.php(456): Illuminate/Database/Schema/Builder->build()
#7 C:/Users/jhonj/Downloads/chat-bot/vendor/laravel/framework/src/Illuminate/Database/Migrations/DatabaseMigrationRepository.php(165): Illuminate/Database/Schema/Builder->create()
#8 C:/Users/jhonj/Downloads/chat-bot/vendor/laravel/framework/src/Illuminate/Database/Console/Migrations/InstallCommand.php(54): Illuminate/Database/Migrations/DatabaseMigrationRepository->createRepository()
#9 C:/Users/jhonj/Downloads/chat-bot/vendor/laravel/framework/src/Illuminate/Container/BoundMethod.php(36): Illuminate/Database/Console/Migrations/InstallCommand->handle()
#10 C:/Users/jhonj/Downloads/chat-bot/vendor/laravel/framework/src/Illuminate/Container/Util.php(41): Illuminate/Container/BoundMethod::Illuminate/Container/{closure}()
#11 C:/Users/jhonj/Downloads/chat-bot/vendor/laravel/framework/src/Illuminate/Container/BoundMethod.php(93): Illuminate/Container/Util::unwrapIfClosure()
#12 C:/Users/jhonj/Downloads/chat-bot/vendor/laravel/framework/src/Illuminate/Container/BoundMethod.php(35): Illuminate/Container/BoundMethod::callBoundMethod()
#13 C:/Users/jhonj/Downloads/chat-bot/vendor/laravel/framework/src/Illuminate/Container/Container.php(662): Illuminate/Container/BoundMethod::call()
#14 C:/Users/jhonj/Downloads/chat-bot/vendor/laravel/framework/src/Illuminate/Console/Command.php(211): Illuminate/Container/Container->call()
#15 C:/Users/jhonj/Downloads/chat-bot/vendor/symfony/console/Command/Command.php(326): Illuminate/Console/Command->execute()
#16 C:/Users/jhonj/Downloads/chat-bot/vendor/laravel/framework/src/Illuminate/Console/Command.php(180): Symfony/Component/Console/Command/Command->run()
#17 C:/Users/jhonj/Downloads/chat-bot/vendor/laravel/framework/src/Illuminate/Console/Concerns/CallsCommands.php(67): Illuminate/Console/Command->run()
#18 C:/Users/jhonj/Downloads/chat-bot/vendor/laravel/framework/src/Illuminate/Console/Concerns/CallsCommands.php(40): Illuminate/Console/Command->runCommand()
#19 C:/Users/jhonj/Downloads/chat-bot/vendor/laravel/framework/src/Illuminate/Database/Console/Migrations/MigrateCommand.php(120): Illuminate/Console/Command->callSilent()
#20 C:/Users/jhonj/Downloads/chat-bot/vendor/laravel/framework/src/Illuminate/Console/View/Components/Task.php(37): Illuminate/Database/Console/Migrations/MigrateCommand->Illuminate/Database/Console/Migrations/{closure}()
#21 C:/Users/jhonj/Downloads/chat-bot/vendor/laravel/framework/src/Illuminate/Console/View/Components/Factory.php(58): Illuminate/Console/View/Components/Task->render()
#22 C:/Users/jhonj/Downloads/chat-bot/vendor/laravel/framework/src/Illuminate/Database/Console/Migrations/MigrateCommand.php(119): Illuminate/Console/View/Components/Factory->__call()
#23 C:/Users/jhonj/Downloads/chat-bot/vendor/laravel/framework/src/Illuminate/Database/Console/Migrations/MigrateCommand.php(84): Illuminate/Database/Console/Migrations/MigrateCommand->prepareDatabase()
#24 C:/Users/jhonj/Downloads/chat-bot/vendor/laravel/framework/src/Illuminate/Database/Migrations/Migrator.php(641): Illuminate/Database/Console/Migrations/MigrateCommand->Illuminate/Database/Console/Migrations/{closure}()
#25 C:/Users/jhonj/Downloads/chat-bot/vendor/laravel/framework/src/Illuminate/Database/Console/Migrations/MigrateCommand.php(83): Illuminate/Database/Migrations/Migrator->usingConnection()
#26 C:/Users/jhonj/Downloads/chat-bot/vendor/laravel/framework/src/Illuminate/Container/BoundMethod.php(36): Illuminate/Database/Console/Migrations/MigrateCommand->handle()
#27 C:/Users/jhonj/Downloads/chat-bot/vendor/laravel/framework/src/Illuminate/Container/Util.php(41): Illuminate/Container/BoundMethod::Illuminate/Container/{closure}()
#28 C:/Users/jhonj/Downloads/chat-bot/vendor/laravel/framework/src/Illuminate/Container/BoundMethod.php(93): Illuminate/Container/Util::unwrapIfClosure()
#29 C:/Users/jhonj/Downloads/chat-bot/vendor/laravel/framework/src/Illuminate/Container/BoundMethod.php(35): Illuminate/Container/BoundMethod::callBoundMethod()
#30 C:/Users/jhonj/Downloads/chat-bot/vendor/laravel/framework/src/Illuminate/Container/Container.php(662): Illuminate/Container/BoundMethod::call()
#31 C:/Users/jhonj/Downloads/chat-bot/vendor/laravel/framework/src/Illuminate/Console/Command.php(211): Illuminate/Container/Container->call()
#32 C:/Users/jhonj/Downloads/chat-bot/vendor/symfony/console/Command/Command.php(326): Illuminate/Console/Command->execute()
#33 C:/Users/jhonj/Downloads/chat-bot/vendor/laravel/framework/src/Illuminate/Console/Command.php(180): Symfony/Component/Console/Command/Command->run()
#34 C:/Users/jhonj/Downloads/chat-bot/vendor/symfony/console/Application.php(1106): Illuminate/Console/Command->run()
#35 C:/Users/jhonj/Downloads/chat-bot/vendor/symfony/console/Application.php(324): Symfony/Component/Console/Application->doRunCommand()
#36 C:/Users/jhonj/Downloads/chat-bot/vendor/symfony/console/Application.php(175): Symfony/Component/Console/Application->doRun()
#37 C:/Users/jhonj/Downloads/chat-bot/vendor/laravel/framework/src/Illuminate/Foundation/Console/Kernel.php(201): Symfony/Component/Console/Application->run()
#38 C:/Users/jhonj/Downloads/chat-bot/artisan(35): Illuminate/Foundation/Console/Kernel->handle()
#39 {main}
"} 
[2026-01-30 19:58:23] laravel.EMERGENCY: Unable to create configured logger. Using emergency logger. {"exception":"[object] (InvalidArgumentException(code: 0): Log [] is not defined. at C:/Users/jhonj/Downloads/chat-bot/vendor/laravel/framework/src/Illuminate/Log/LogManager.php:212)
[stacktrace]
#0 C:/Users/jhonj/Downloads/chat-bot/vendor/laravel/framework/src/Illuminate/Log/LogManager.php(137): Illuminate/Log/LogManager->resolve()
#1 C:/Users/jhonj/Downloads/chat-bot/vendor/laravel/framework/src/Illuminate/Log/LogManager.php(124): Illuminate/Log/LogManager->get()
#2 C:/Users/jhonj/Downloads/chat-bot/vendor/laravel/framework/src/Illuminate/Log/LogManager.php(681): Illuminate/Log/LogManager->driver()
#3 C:/Users/jhonj/Downloads/chat-bot/vendor/laravel/framework/src/Illuminate/Foundation/Exceptions/Handler.php(317): Illuminate/Log/LogManager->error()
#4 C:/Users/jhonj/Downloads/chat-bot/vendor/laravel/framework/src/Illuminate/Foundation/Exceptions/Handler.php(278): Illuminate/Foundation/Exceptions/Handler->reportThrowable()
#5 C:/Users/jhonj/Downloads/chat-bot/vendor/nunomaduro/collision/src/Adapters/Laravel/ExceptionHandler.php(46): Illuminate/Foundation/Exceptions/Handler->report()
#6 C:/Users/jhonj/Downloads/chat-bot/vendor/laravel/framework/src/Illuminate/Foundation/Console/Kernel.php(523): NunoMaduro/Collision/Adapters/Laravel/ExceptionHandler->report()
#7 C:/Users/jhonj/Downloads/chat-bot/vendor/laravel/framework/src/Illuminate/Foundation/Console/Kernel.php(203): Illuminate/Foundation/Console/Kernel->reportException()
#8 C:/Users/jhonj/Downloads/chat-bot/artisan(35): Illuminate/Foundation/Console/Kernel->handle()
#9 {main}
"} 
[2026-01-30 19:58:23] laravel.ERROR: SQLSTATE[HY000] [2002] No se puede establecer una conexión ya que el equipo de destino denegó expresamente dicha conexión (Connection: mysql, SQL: select table_name as `name`, (data_length + index_length) as `size`, table_comment as `comment`, engine as `engine`, table_collation as `collation` from information_schema.tables where table_schema = 'barberia' and table_type in ('BASE TABLE', 'SYSTEM VERSIONED') order by table_name) {"exception":"[object] (Illuminate\\Database\\QueryException(code: 2002): SQLSTATE[HY000] [2002] No se puede establecer una conexión ya que el equipo de destino denegó expresamente dicha conexión (Connection: mysql, SQL: select table_name as `name`, (data_length + index_length) as `size`, table_comment as `comment`, engine as `engine`, table_collation as `collation` from information_schema.tables where table_schema = 'barberia' and table_type in ('BASE TABLE', 'SYSTEM VERSIONED') order by table_name) at C:/Users/jhonj/Downloads/chat-bot/vendor/laravel/framework/src/Illuminate/Database/Connection.php:829)
[stacktrace]
#0 C:/Users/jhonj/Downloads/chat-bot/vendor/laravel/framework/src/Illuminate/Database/Connection.php(783): Illuminate/Database/Connection->runQueryCallback()
#1 C:/Users/jhonj/Downloads/chat-bot/vendor/laravel/framework/src/Illuminate/Database/Connection.php(414): Illuminate/Database/Connection->run()
#2 C:/Users/jhonj/Downloads/chat-bot/vendor/laravel/framework/src/Illuminate/Database/Connection.php(401): Illuminate/Database/Connection->select()
#3 C:/Users/jhonj/Downloads/chat-bot/vendor/laravel/framework/src/Illuminate/Database/Schema/MySqlBuilder.php(41): Illuminate/Database/Connection->selectFromWriteConnection()
#4 C:/Users/jhonj/Downloads/chat-bot/vendor/laravel/framework/src/Illuminate/Database/Schema/Builder.php(165): Illuminate/Database/Schema/MySqlBuilder->getTables()
#5 C:/Users/jhonj/Downloads/chat-bot/vendor/laravel/framework/src/Illuminate/Database/Migrations/DatabaseMigrationRepository.php(184): Illuminate/Database/Schema/Builder->hasTable()
#6 C:/Users/jhonj/Downloads/chat-bot/vendor/laravel/framework/src/Illuminate/Database/Migrations/Migrator.php(727): Illuminate/Database/Migrations/DatabaseMigrationRepository->repositoryExists()
#7 C:/Users/jhonj/Downloads/chat-bot/vendor/laravel/framework/src/Illuminate/Database/Console/Migrations/MigrateCommand.php(140): Illuminate/Database/Migrations/Migrator->repositoryExists()
#8 C:/Users/jhonj/Downloads/chat-bot/vendor/laravel/framework/src/Illuminate/Support/helpers.php(261): Illuminate/Database/Console/Migrations/MigrateCommand->Illuminate/Database/Console/Migrations/{closure}()
#9 C:/Users/jhonj/Downloads/chat-bot/vendor/laravel/framework/src/Illuminate/Database/Console/Migrations/MigrateCommand.php(140): retry()
#10 C:/Users/jhonj/Downloads/chat-bot/vendor/laravel/framework/src/Illuminate/Database/Console/Migrations/MigrateCommand.php(116): Illuminate/Database/Console/Migrations/MigrateCommand->repositoryExists()
#11 C:/Users/jhonj/Downloads/chat-bot/vendor/laravel/framework/src/Illuminate/Database/Console/Migrations/MigrateCommand.php(84): Illuminate/Database/Console/Migrations/MigrateCommand->prepareDatabase()
#12 C:/Users/jhonj/Downloads/chat-bot/vendor/laravel/framework/src/Illuminate/Database/Migrations/Migrator.php(641): Illuminate/Database/Console/Migrations/MigrateCommand->Illuminate/Database/Console/Migrations/{closure}()
#13 C:/Users/jhonj/Downloads/chat-bot/vendor/laravel/framework/src/Illuminate/Database/Console/Migrations/MigrateCommand.php(83): Illuminate/Database/Migrations/Migrator->usingConnection()
#14 C:/Users/jhonj/Downloads/chat-bot/vendor/laravel/framework/src/Illuminate/Container/BoundMethod.php(36): Illuminate/Database/Console/Migrations/MigrateCommand->handle()
#15 C:/Users/jhonj/Downloads/chat-bot/vendor/laravel/framework/src/Illuminate/Container/Util.php(41): Illuminate/Container/BoundMethod::Illuminate/Container/{closure}()
#16 C:/Users/jhonj/Downloads/chat-bot/vendor/laravel/framework/src/Illuminate/Container/BoundMethod.php(93): Illuminate/Container/Util::unwrapIfClosure()
#17 C:/Users/jhonj/Downloads/chat-bot/vendor/laravel/framework/src/Illuminate/Container/BoundMethod.php(35): Illuminate/Container/BoundMethod::callBoundMethod()
#18 C:/Users/jhonj/Downloads/chat-bot/vendor/laravel/framework/src/Illuminate/Container/Container.php(662): Illuminate/Container/BoundMethod::call()
#19 C:/Users/jhonj/Downloads/chat-bot/vendor/laravel/framework/src/Illuminate/Console/Command.php(211): Illuminate/Container/Container->call()
#20 C:/Users/jhonj/Downloads/chat-bot/vendor/symfony/console/Command/Command.php(326): Illuminate/Console/Command->execute()
#21 C:/Users/jhonj/Downloads/chat-bot/vendor/laravel/framework/src/Illuminate/Console/Command.php(180): Symfony/Component/Console/Command/Command->run()
#22 C:/Users/jhonj/Downloads/chat-bot/vendor/symfony/console/Application.php(1106): Illuminate/Console/Command->run()
#23 C:/Users/jhonj/Downloads/chat-bot/vendor/symfony/console/Application.php(324): Symfony/Component/Console/Application->doRunCommand()
#24 C:/Users/jhonj/Downloads/chat-bot/vendor/symfony/console/Application.php(175): Symfony/Component/Console/Application->doRun()
#25 C:/Users/jhonj/Downloads/chat-bot/vendor/laravel/framework/src/Illuminate/Foundation/Console/Kernel.php(201): Symfony/Component/Console/Application->run()
#26 C:/Users/jhonj/Downloads/chat-bot/artisan(35): Illuminate/Foundation/Console/Kernel->handle()
#27 {main}

[previous exception] [object] (PDOException(code: 2002): SQLSTATE[HY000] [2002] No se puede establecer una conexión ya que el equipo de destino denegó expresamente dicha conexión at C:/Users/jhonj/Downloads/chat-bot/vendor/laravel/framework/src/Illuminate/Database/Connectors/Connector.php:65)
[stacktrace]
#0 C:/Users/jhonj/Downloads/chat-bot/vendor/laravel/framework/src/Illuminate/Database/Connectors/Connector.php(65): PDO->__construct()
#1 C:/Users/jhonj/Downloads/chat-bot/vendor/laravel/framework/src/Illuminate/Database/Connectors/Connector.php(44): Illuminate/Database/Connectors/Connector->createPdoConnection()
#2 C:/Users/jhonj/Downloads/chat-bot/vendor/laravel/framework/src/Illuminate/Database/Connectors/MySqlConnector.php(24): Illuminate/Database/Connectors/Connector->createConnection()
#3 C:/Users/jhonj/Downloads/chat-bot/vendor/laravel/framework/src/Illuminate/Database/Connectors/ConnectionFactory.php(184): Illuminate/Database/Connectors/MySqlConnector->connect()
#4 [internal function]: Illuminate/Database/Connectors/ConnectionFactory->Illuminate/Database/Connectors/{closure}()
#5 C:/Users/jhonj/Downloads/chat-bot/vendor/laravel/framework/src/Illuminate/Database/Connection.php(1339): call_user_func()
#6 C:/Users/jhonj/Downloads/chat-bot/vendor/laravel/framework/src/Illuminate/Database/Connection.php(528): Illuminate/Database/Connection->getPdo()
#7 C:/Users/jhonj/Downloads/chat-bot/vendor/laravel/framework/src/Illuminate/Database/Connection.php(423): Illuminate/Database/Connection->getPdoForSelect()
#8 C:/Users/jhonj/Downloads/chat-bot/vendor/laravel/framework/src/Illuminate/Database/Connection.php(816): Illuminate/Database/Connection->Illuminate/Database/{closure}()
#9 C:/Users/jhonj/Downloads/chat-bot/vendor/laravel/framework/src/Illuminate/Database/Connection.php(783): Illuminate/Database/Connection->runQueryCallback()
#10 C:/Users/jhonj/Downloads/chat-bot/vendor/laravel/framework/src/Illuminate/Database/Connection.php(414): Illuminate/Database/Connection->run()
#11 C:/Users/jhonj/Downloads/chat-bot/vendor/laravel/framework/src/Illuminate/Database/Connection.php(401): Illuminate/Database/Connection->select()
#12 C:/Users/jhonj/Downloads/chat-bot/vendor/laravel/framework/src/Illuminate/Database/Schema/MySqlBuilder.php(41): Illuminate/Database/Connection->selectFromWriteConnection()
#13 C:/Users/jhonj/Downloads/chat-bot/vendor/laravel/framework/src/Illuminate/Database/Schema/Builder.php(165): Illuminate/Database/Schema/MySqlBuilder->getTables()
#14 C:/Users/jhonj/Downloads/chat-bot/vendor/laravel/framework/src/Illuminate/Database/Migrations/DatabaseMigrationRepository.php(184): Illuminate/Database/Schema/Builder->hasTable()
#15 C:/Users/jhonj/Downloads/chat-bot/vendor/laravel/framework/src/Illuminate/Database/Migrations/Migrator.php(727): Illuminate/Database/Migrations/DatabaseMigrationRepository->repositoryExists()
#16 C:/Users/jhonj/Downloads/chat-bot/vendor/laravel/framework/src/Illuminate/Database/Console/Migrations/MigrateCommand.php(140): Illuminate/Database/Migrations/Migrator->repositoryExists()
#17 C:/Users/jhonj/Downloads/chat-bot/vendor/laravel/framework/src/Illuminate/Support/helpers.php(261): Illuminate/Database/Console/Migrations/MigrateCommand->Illuminate/Database/Console/Migrations/{closure}()
#18 C:/Users/jhonj/Downloads/chat-bot/vendor/laravel/framework/src/Illuminate/Database/Console/Migrations/MigrateCommand.php(140): retry()
#19 C:/Users/jhonj/Downloads/chat-bot/vendor/laravel/framework/src/Illuminate/Database/Console/Migrations/MigrateCommand.php(116): Illuminate/Database/Console/Migrations/MigrateCommand->repositoryExists()
#20 C:/Users/jhonj/Downloads/chat-bot/vendor/laravel/framework/src/Illuminate/Database/Console/Migrations/MigrateCommand.php(84): Illuminate/Database/Console/Migrations/MigrateCommand->prepareDatabase()
#21 C:/Users/jhonj/Downloads/chat-bot/vendor/laravel/framework/src/Illuminate/Database/Migrations/Migrator.php(641): Illuminate/Database/Console/Migrations/MigrateCommand->Illuminate/Database/Console/Migrations/{closure}()
#22 C:/Users/jhonj/Downloads/chat-bot/vendor/laravel/framework/src/Illuminate/Database/Console/Migrations/MigrateCommand.php(83): Illuminate/Database/Migrations/Migrator->usingConnection()
#23 C:/Users/jhonj/Downloads/chat-bot/vendor/laravel/framework/src/Illuminate/Container/BoundMethod.php(36): Illuminate/Database/Console/Migrations/MigrateCommand->handle()
#24 C:/Users/jhonj/Downloads/chat-bot/vendor/laravel/framework/src/Illuminate/Container/Util.php(41): Illuminate/Container/BoundMethod::Illuminate/Container/{closure}()
#25 C:/Users/jhonj/Downloads/chat-bot/vendor/laravel/framework/src/Illuminate/Container/BoundMethod.php(93): Illuminate/Container/Util::unwrapIfClosure()
#26 C:/Users/jhonj/Downloads/chat-bot/vendor/laravel/framework/src/Illuminate/Container/BoundMethod.php(35): Illuminate/Container/BoundMethod::callBoundMethod()
#27 C:/Users/jhonj/Downloads/chat-bot/vendor/laravel/framework/src/Illuminate/Container/Container.php(662): Illuminate/Container/BoundMethod::call()
#28 C:/Users/jhonj/Downloads/chat-bot/vendor/laravel/framework/src/Illuminate/Console/Command.php(211): Illuminate/Container/Container->call()
#29 C:/Users/jhonj/Downloads/chat-bot/vendor/symfony/console/Command/Command.php(326): Illuminate/Console/Command->execute()
#30 C:/Users/jhonj/Downloads/chat-bot/vendor/laravel/framework/src/Illuminate/Console/Command.php(180): Symfony/Component/Console/Command/Command->run()
#31 C:/Users/jhonj/Downloads/chat-bot/vendor/symfony/console/Application.php(1106): Illuminate/Console/Command->run()
#32 C:/Users/jhonj/Downloads/chat-bot/vendor/symfony/console/Application.php(324): Symfony/Component/Console/Application->doRunCommand()
#33 C:/Users/jhonj/Downloads/chat-bot/vendor/symfony/console/Application.php(175): Symfony/Component/Console/Application->doRun()
#34 C:/Users/jhonj/Downloads/chat-bot/vendor/laravel/framework/src/Illuminate/Foundation/Console/Kernel.php(201): Symfony/Component/Console/Application->run()
#35 C:/Users/jhonj/Downloads/chat-bot/artisan(35): Illuminate/Foundation/Console/Kernel->handle()
#36 {main}
"} 
[2026-01-30 19:58:37] laravel.EMERGENCY: Unable to create configured logger. Using emergency logger. {"exception":"[object] (InvalidArgumentException(code: 0): Log [] is not defined. at C:/Users/jhonj/Downloads/chat-bot/vendor/laravel/framework/src/Illuminate/Log/LogManager.php:212)
[stacktrace]
#0 C:/Users/jhonj/Downloads/chat-bot/vendor/laravel/framework/src/Illuminate/Log/LogManager.php(137): Illuminate/Log/LogManager->resolve()
#1 C:/Users/jhonj/Downloads/chat-bot/vendor/laravel/framework/src/Illuminate/Log/LogManager.php(124): Illuminate/Log/LogManager->get()
#2 C:/Users/jhonj/Downloads/chat-bot/vendor/laravel/framework/src/Illuminate/Log/LogManager.php(681): Illuminate/Log/LogManager->driver()
#3 C:/Users/jhonj/Downloads/chat-bot/vendor/laravel/framework/src/Illuminate/Foundation/Exceptions/Handler.php(317): Illuminate/Log/LogManager->error()
#4 C:/Users/jhonj/Downloads/chat-bot/vendor/laravel/framework/src/Illuminate/Foundation/Exceptions/Handler.php(278): Illuminate/Foundation/Exceptions/Handler->reportThrowable()
#5 C:/Users/jhonj/Downloads/chat-bot/vendor/nunomaduro/collision/src/Adapters/Laravel/ExceptionHandler.php(46): Illuminate/Foundation/Exceptions/Handler->report()
#6 C:/Users/jhonj/Downloads/chat-bot/vendor/laravel/framework/src/Illuminate/Foundation/Console/Kernel.php(523): NunoMaduro/Collision/Adapters/Laravel/ExceptionHandler->report()
#7 C:/Users/jhonj/Downloads/chat-bot/vendor/laravel/framework/src/Illuminate/Foundation/Console/Kernel.php(203): Illuminate/Foundation/Console/Kernel->reportException()
#8 C:/Users/jhonj/Downloads/chat-bot/artisan(35): Illuminate/Foundation/Console/Kernel->handle()
#9 {main}
"} 
[2026-01-30 19:58:37] laravel.ERROR: SQLSTATE[42000]: Syntax error or access violation: 1103 Incorrect table name '' (Connection: mysql, SQL: create table `` (`id` int unsigned not null auto_increment primary key, `migration` varchar(255) not null, `batch` int not null) default character set utf8mb4 collate 'utf8mb4_unicode_ci') {"exception":"[object] (Illuminate\\Database\\QueryException(code: 42000): SQLSTATE[42000]: Syntax error or access violation: 1103 Incorrect table name '' (Connection: mysql, SQL: create table `` (`id` int unsigned not null auto_increment primary key, `migration` varchar(255) not null, `batch` int not null) default character set utf8mb4 collate 'utf8mb4_unicode_ci') at C:/Users/jhonj/Downloads/chat-bot/vendor/laravel/framework/src/Illuminate/Database/Connection.php:829)
[stacktrace]
#0 C:/Users/jhonj/Downloads/chat-bot/vendor/laravel/framework/src/Illuminate/Database/Connection.php(783): Illuminate/Database/Connection->runQueryCallback()
#1 C:/Users/jhonj/Downloads/chat-bot/vendor/laravel/framework/src/Illuminate/Database/Connection.php(576): Illuminate/Database/Connection->run()
#2 C:/Users/jhonj/Downloads/chat-bot/vendor/laravel/framework/src/Illuminate/Database/Schema/Blueprint.php(110): Illuminate/Database/Connection->statement()
#3 C:/Users/jhonj/Downloads/chat-bot/vendor/laravel/framework/src/Illuminate/Database/Schema/Builder.php(602): Illuminate/Database/Schema/Blueprint->build()
#4 C:/Users/jhonj/Downloads/chat-bot/vendor/laravel/framework/src/Illuminate/Database/Schema/Builder.php(456): Illuminate/Database/Schema/Builder->build()
#5 C:/Users/jhonj/Downloads/chat-bot/vendor/laravel/framework/src/Illuminate/Database/Migrations/DatabaseMigrationRepository.php(165): Illuminate/Database/Schema/Builder->create()
#6 C:/Users/jhonj/Downloads/chat-bot/vendor/laravel/framework/src/Illuminate/Database/Console/Migrations/InstallCommand.php(54): Illuminate/Database/Migrations/DatabaseMigrationRepository->createRepository()
#7 C:/Users/jhonj/Downloads/chat-bot/vendor/laravel/framework/src/Illuminate/Container/BoundMethod.php(36): Illuminate/Database/Console/Migrations/InstallCommand->handle()
#8 C:/Users/jhonj/Downloads/chat-bot/vendor/laravel/framework/src/Illuminate/Container/Util.php(41): Illuminate/Container/BoundMethod::Illuminate/Container/{closure}()
#9 C:/Users/jhonj/Downloads/chat-bot/vendor/laravel/framework/src/Illuminate/Container/BoundMethod.php(93): Illuminate/Container/Util::unwrapIfClosure()
#10 C:/Users/jhonj/Downloads/chat-bot/vendor/laravel/framework/src/Illuminate/Container/BoundMethod.php(35): Illuminate/Container/BoundMethod::callBoundMethod()
#11 C:/Users/jhonj/Downloads/chat-bot/vendor/laravel/framework/src/Illuminate/Container/Container.php(662): Illuminate/Container/BoundMethod::call()
#12 C:/Users/jhonj/Downloads/chat-bot/vendor/laravel/framework/src/Illuminate/Console/Command.php(211): Illuminate/Container/Container->call()
#13 C:/Users/jhonj/Downloads/chat-bot/vendor/symfony/console/Command/Command.php(326): Illuminate/Console/Command->execute()
#14 C:/Users/jhonj/Downloads/chat-bot/vendor/laravel/framework/src/Illuminate/Console/Command.php(180): Symfony/Component/Console/Command/Command->run()
#15 C:/Users/jhonj/Downloads/chat-bot/vendor/laravel/framework/src/Illuminate/Console/Concerns/CallsCommands.php(67): Illuminate/Console/Command->run()
#16 C:/Users/jhonj/Downloads/chat-bot/vendor/laravel/framework/src/Illuminate/Console/Concerns/CallsCommands.php(40): Illuminate/Console/Command->runCommand()
#17 C:/Users/jhonj/Downloads/chat-bot/vendor/laravel/framework/src/Illuminate/Database/Console/Migrations/MigrateCommand.php(120): Illuminate/Console/Command->callSilent()
#18 C:/Users/jhonj/Downloads/chat-bot/vendor/laravel/framework/src/Illuminate/Console/View/Components/Task.php(37): Illuminate/Database/Console/Migrations/MigrateCommand->Illuminate/Database/Console/Migrations/{closure}()
#19 C:/Users/jhonj/Downloads/chat-bot/vendor/laravel/framework/src/Illuminate/Console/View/Components/Factory.php(58): Illuminate/Console/View/Components/Task->render()
#20 C:/Users/jhonj/Downloads/chat-bot/vendor/laravel/framework/src/Illuminate/Database/Console/Migrations/MigrateCommand.php(119): Illuminate/Console/View/Components/Factory->__call()
#21 C:/Users/jhonj/Downloads/chat-bot/vendor/laravel/framework/src/Illuminate/Database/Console/Migrations/MigrateCommand.php(84): Illuminate/Database/Console/Migrations/MigrateCommand->prepareDatabase()
#22 C:/Users/jhonj/Downloads/chat-bot/vendor/laravel/framework/src/Illuminate/Database/Migrations/Migrator.php(641): Illuminate/Database/Console/Migrations/MigrateCommand->Illuminate/Database/Console/Migrations/{closure}()
#23 C:/Users/jhonj/Downloads/chat-bot/vendor/laravel/framework/src/Illuminate/Database/Console/Migrations/MigrateCommand.php(83): Illuminate/Database/Migrations/Migrator->usingConnection()
#24 C:/Users/jhonj/Downloads/chat-bot/vendor/laravel/framework/src/Illuminate/Container/BoundMethod.php(36): Illuminate/Database/Console/Migrations/MigrateCommand->handle()
#25 C:/Users/jhonj/Downloads/chat-bot/vendor/laravel/framework/src/Illuminate/Container/Util.php(41): Illuminate/Container/BoundMethod::Illuminate/Container/{closure}()
#26 C:/Users/jhonj/Downloads/chat-bot/vendor/laravel/framework/src/Illuminate/Container/BoundMethod.php(93): Illuminate/Container/Util::unwrapIfClosure()
#27 C:/Users/jhonj/Downloads/chat-bot/vendor/laravel/framework/src/Illuminate/Container/BoundMethod.php(35): Illuminate/Container/BoundMethod::callBoundMethod()
#28 C:/Users/jhonj/Downloads/chat-bot/vendor/laravel/framework/src/Illuminate/Container/Container.php(662): Illuminate/Container/BoundMethod::call()
#29 C:/Users/jhonj/Downloads/chat-bot/vendor/laravel/framework/src/Illuminate/Console/Command.php(211): Illuminate/Container/Container->call()
#30 C:/Users/jhonj/Downloads/chat-bot/vendor/symfony/console/Command/Command.php(326): Illuminate/Console/Command->execute()
#31 C:/Users/jhonj/Downloads/chat-bot/vendor/laravel/framework/src/Illuminate/Console/Command.php(180): Symfony/Component/Console/Command/Command->run()
#32 C:/Users/jhonj/Downloads/chat-bot/vendor/symfony/console/Application.php(1106): Illuminate/Console/Command->run()
#33 C:/Users/jhonj/Downloads/chat-bot/vendor/symfony/console/Application.php(324): Symfony/Component/Console/Application->doRunCommand()
#34 C:/Users/jhonj/Downloads/chat-bot/vendor/symfony/console/Application.php(175): Symfony/Component/Console/Application->doRun()
#35 C:/Users/jhonj/Downloads/chat-bot/vendor/laravel/framework/src/Illuminate/Foundation/Console/Kernel.php(201): Symfony/Component/Console/Application->run()
#36 C:/Users/jhonj/Downloads/chat-bot/artisan(35): Illuminate/Foundation/Console/Kernel->handle()
#37 {main}

[previous exception] [object] (PDOException(code: 42000): SQLSTATE[42000]: Syntax error or access violation: 1103 Incorrect table name '' at C:/Users/jhonj/Downloads/chat-bot/vendor/laravel/framework/src/Illuminate/Database/Connection.php:581)
[stacktrace]
#0 C:/Users/jhonj/Downloads/chat-bot/vendor/laravel/framework/src/Illuminate/Database/Connection.php(581): PDO->prepare()
#1 C:/Users/jhonj/Downloads/chat-bot/vendor/laravel/framework/src/Illuminate/Database/Connection.php(816): Illuminate/Database/Connection->Illuminate/Database/{closure}()
#2 C:/Users/jhonj/Downloads/chat-bot/vendor/laravel/framework/src/Illuminate/Database/Connection.php(783): Illuminate/Database/Connection->runQueryCallback()
#3 C:/Users/jhonj/Downloads/chat-bot/vendor/laravel/framework/src/Illuminate/Database/Connection.php(576): Illuminate/Database/Connection->run()
#4 C:/Users/jhonj/Downloads/chat-bot/vendor/laravel/framework/src/Illuminate/Database/Schema/Blueprint.php(110): Illuminate/Database/Connection->statement()
#5 C:/Users/jhonj/Downloads/chat-bot/vendor/laravel/framework/src/Illuminate/Database/Schema/Builder.php(602): Illuminate/Database/Schema/Blueprint->build()
#6 C:/Users/jhonj/Downloads/chat-bot/vendor/laravel/framework/src/Illuminate/Database/Schema/Builder.php(456): Illuminate/Database/Schema/Builder->build()
#7 C:/Users/jhonj/Downloads/chat-bot/vendor/laravel/framework/src/Illuminate/Database/Migrations/DatabaseMigrationRepository.php(165): Illuminate/Database/Schema/Builder->create()
#8 C:/Users/jhonj/Downloads/chat-bot/vendor/laravel/framework/src/Illuminate/Database/Console/Migrations/InstallCommand.php(54): Illuminate/Database/Migrations/DatabaseMigrationRepository->createRepository()
#9 C:/Users/jhonj/Downloads/chat-bot/vendor/laravel/framework/src/Illuminate/Container/BoundMethod.php(36): Illuminate/Database/Console/Migrations/InstallCommand->handle()
#10 C:/Users/jhonj/Downloads/chat-bot/vendor/laravel/framework/src/Illuminate/Container/Util.php(41): Illuminate/Container/BoundMethod::Illuminate/Container/{closure}()
#11 C:/Users/jhonj/Downloads/chat-bot/vendor/laravel/framework/src/Illuminate/Container/BoundMethod.php(93): Illuminate/Container/Util::unwrapIfClosure()
#12 C:/Users/jhonj/Downloads/chat-bot/vendor/laravel/framework/src/Illuminate/Container/BoundMethod.php(35): Illuminate/Container/BoundMethod::callBoundMethod()
#13 C:/Users/jhonj/Downloads/chat-bot/vendor/laravel/framework/src/Illuminate/Container/Container.php(662): Illuminate/Container/BoundMethod::call()
#14 C:/Users/jhonj/Downloads/chat-bot/vendor/laravel/framework/src/Illuminate/Console/Command.php(211): Illuminate/Container/Container->call()
#15 C:/Users/jhonj/Downloads/chat-bot/vendor/symfony/console/Command/Command.php(326): Illuminate/Console/Command->execute()
#16 C:/Users/jhonj/Downloads/chat-bot/vendor/laravel/framework/src/Illuminate/Console/Command.php(180): Symfony/Component/Console/Command/Command->run()
#17 C:/Users/jhonj/Downloads/chat-bot/vendor/laravel/framework/src/Illuminate/Console/Concerns/CallsCommands.php(67): Illuminate/Console/Command->run()
#18 C:/Users/jhonj/Downloads/chat-bot/vendor/laravel/framework/src/Illuminate/Console/Concerns/CallsCommands.php(40): Illuminate/Console/Command->runCommand()
#19 C:/Users/jhonj/Downloads/chat-bot/vendor/laravel/framework/src/Illuminate/Database/Console/Migrations/MigrateCommand.php(120): Illuminate/Console/Command->callSilent()
#20 C:/Users/jhonj/Downloads/chat-bot/vendor/laravel/framework/src/Illuminate/Console/View/Components/Task.php(37): Illuminate/Database/Console/Migrations/MigrateCommand->Illuminate/Database/Console/Migrations/{closure}()
#21 C:/Users/jhonj/Downloads/chat-bot/vendor/laravel/framework/src/Illuminate/Console/View/Components/Factory.php(58): Illuminate/Console/View/Components/Task->render()
#22 C:/Users/jhonj/Downloads/chat-bot/vendor/laravel/framework/src/Illuminate/Database/Console/Migrations/MigrateCommand.php(119): Illuminate/Console/View/Components/Factory->__call()
#23 C:/Users/jhonj/Downloads/chat-bot/vendor/laravel/framework/src/Illuminate/Database/Console/Migrations/MigrateCommand.php(84): Illuminate/Database/Console/Migrations/MigrateCommand->prepareDatabase()
#24 C:/Users/jhonj/Downloads/chat-bot/vendor/laravel/framework/src/Illuminate/Database/Migrations/Migrator.php(641): Illuminate/Database/Console/Migrations/MigrateCommand->Illuminate/Database/Console/Migrations/{closure}()
#25 C:/Users/jhonj/Downloads/chat-bot/vendor/laravel/framework/src/Illuminate/Database/Console/Migrations/MigrateCommand.php(83): Illuminate/Database/Migrations/Migrator->usingConnection()
#26 C:/Users/jhonj/Downloads/chat-bot/vendor/laravel/framework/src/Illuminate/Container/BoundMethod.php(36): Illuminate/Database/Console/Migrations/MigrateCommand->handle()
#27 C:/Users/jhonj/Downloads/chat-bot/vendor/laravel/framework/src/Illuminate/Container/Util.php(41): Illuminate/Container/BoundMethod::Illuminate/Container/{closure}()
#28 C:/Users/jhonj/Downloads/chat-bot/vendor/laravel/framework/src/Illuminate/Container/BoundMethod.php(93): Illuminate/Container/Util::unwrapIfClosure()
#29 C:/Users/jhonj/Downloads/chat-bot/vendor/laravel/framework/src/Illuminate/Container/BoundMethod.php(35): Illuminate/Container/BoundMethod::callBoundMethod()
#30 C:/Users/jhonj/Downloads/chat-bot/vendor/laravel/framework/src/Illuminate/Container/Container.php(662): Illuminate/Container/BoundMethod::call()
#31 C:/Users/jhonj/Downloads/chat-bot/vendor/laravel/framework/src/Illuminate/Console/Command.php(211): Illuminate/Container/Container->call()
#32 C:/Users/jhonj/Downloads/chat-bot/vendor/symfony/console/Command/Command.php(326): Illuminate/Console/Command->execute()
#33 C:/Users/jhonj/Downloads/chat-bot/vendor/laravel/framework/src/Illuminate/Console/Command.php(180): Symfony/Component/Console/Command/Command->run()
#34 C:/Users/jhonj/Downloads/chat-bot/vendor/symfony/console/Application.php(1106): Illuminate/Console/Command->run()
#35 C:/Users/jhonj/Downloads/chat-bot/vendor/symfony/console/Application.php(324): Symfony/Component/Console/Application->doRunCommand()
#36 C:/Users/jhonj/Downloads/chat-bot/vendor/symfony/console/Application.php(175): Symfony/Component/Console/Application->doRun()
#37 C:/Users/jhonj/Downloads/chat-bot/vendor/laravel/framework/src/Illuminate/Foundation/Console/Kernel.php(201): Symfony/Component/Console/Application->run()
#38 C:/Users/jhonj/Downloads/chat-bot/artisan(35): Illuminate/Foundation/Console/Kernel->handle()
#39 {main}
"} 
[2026-01-30 20:11:58] laravel.EMERGENCY: Unable to create configured logger. Using emergency logger. {"exception":"[object] (InvalidArgumentException(code: 0): Log [] is not defined. at C:/Users/jhonj/Downloads/chat-bot/vendor/laravel/framework/src/Illuminate/Log/LogManager.php:212)
[stacktrace]
#0 C:/Users/jhonj/Downloads/chat-bot/vendor/laravel/framework/src/Illuminate/Log/LogManager.php(137): Illuminate/Log/LogManager->resolve()
#1 C:/Users/jhonj/Downloads/chat-bot/vendor/laravel/framework/src/Illuminate/Log/LogManager.php(124): Illuminate/Log/LogManager->get()
#2 C:/Users/jhonj/Downloads/chat-bot/vendor/laravel/framework/src/Illuminate/Log/LogManager.php(681): Illuminate/Log/LogManager->driver()
#3 C:/Users/jhonj/Downloads/chat-bot/vendor/laravel/framework/src/Illuminate/Foundation/Exceptions/Handler.php(317): Illuminate/Log/LogManager->error()
#4 C:/Users/jhonj/Downloads/chat-bot/vendor/laravel/framework/src/Illuminate/Foundation/Exceptions/Handler.php(278): Illuminate/Foundation/Exceptions/Handler->reportThrowable()
#5 C:/Users/jhonj/Downloads/chat-bot/vendor/nunomaduro/collision/src/Adapters/Laravel/ExceptionHandler.php(46): Illuminate/Foundation/Exceptions/Handler->report()
#6 C:/Users/jhonj/Downloads/chat-bot/vendor/laravel/framework/src/Illuminate/Foundation/Console/Kernel.php(523): NunoMaduro/Collision/Adapters/Laravel/ExceptionHandler->report()
#7 C:/Users/jhonj/Downloads/chat-bot/vendor/laravel/framework/src/Illuminate/Foundation/Console/Kernel.php(203): Illuminate/Foundation/Console/Kernel->reportException()
#8 C:/Users/jhonj/Downloads/chat-bot/artisan(35): Illuminate/Foundation/Console/Kernel->handle()
#9 {main}
"} 
[2026-01-30 20:11:58] laravel.ERROR: The provided cwd "C:\Users\jhonj\Downloads\chat-bot\public" does not exist. {"exception":"[object] (Symfony\\Component\\Process\\Exception\\RuntimeException(code: 0): The provided cwd \"C:\\Users\\jhonj\\Downloads\\chat-bot\\public\" does not exist. at C:/Users/jhonj/Downloads/chat-bot/vendor/symfony/process/Process.php:345)
[stacktrace]
#0 C:/Users/jhonj/Downloads/chat-bot/vendor/laravel/framework/src/Illuminate/Foundation/Console/ServeCommand.php(154): Symfony/Component/Process/Process->start()
#1 C:/Users/jhonj/Downloads/chat-bot/vendor/laravel/framework/src/Illuminate/Foundation/Console/ServeCommand.php(93): Illuminate/Foundation/Console/ServeCommand->startProcess()
#2 C:/Users/jhonj/Downloads/chat-bot/vendor/laravel/framework/src/Illuminate/Container/BoundMethod.php(36): Illuminate/Foundation/Console/ServeCommand->handle()
#3 C:/Users/jhonj/Downloads/chat-bot/vendor/laravel/framework/src/Illuminate/Container/Util.php(41): Illuminate/Container/BoundMethod::Illuminate/Container/{closure}()
#4 C:/Users/jhonj/Downloads/chat-bot/vendor/laravel/framework/src/Illuminate/Container/BoundMethod.php(93): Illuminate/Container/Util::unwrapIfClosure()
#5 C:/Users/jhonj/Downloads/chat-bot/vendor/laravel/framework/src/Illuminate/Container/BoundMethod.php(35): Illuminate/Container/BoundMethod::callBoundMethod()
#6 C:/Users/jhonj/Downloads/chat-bot/vendor/laravel/framework/src/Illuminate/Container/Container.php(662): Illuminate/Container/BoundMethod::call()
#7 C:/Users/jhonj/Downloads/chat-bot/vendor/laravel/framework/src/Illuminate/Console/Command.php(211): Illuminate/Container/Container->call()
#8 C:/Users/jhonj/Downloads/chat-bot/vendor/symfony/console/Command/Command.php(326): Illuminate/Console/Command->execute()
#9 C:/Users/jhonj/Downloads/chat-bot/vendor/laravel/framework/src/Illuminate/Console/Command.php(180): Symfony/Component/Console/Command/Command->run()
#10 C:/Users/jhonj/Downloads/chat-bot/vendor/symfony/console/Application.php(1106): Illuminate/Console/Command->run()
#11 C:/Users/jhonj/Downloads/chat-bot/vendor/symfony/console/Application.php(324): Symfony/Component/Console/Application->doRunCommand()
#12 C:/Users/jhonj/Downloads/chat-bot/vendor/symfony/console/Application.php(175): Symfony/Component/Console/Application->doRun()
#13 C:/Users/jhonj/Downloads/chat-bot/vendor/laravel/framework/src/Illuminate/Foundation/Console/Kernel.php(201): Symfony/Component/Console/Application->run()
#14 C:/Users/jhonj/Downloads/chat-bot/artisan(35): Illuminate/Foundation/Console/Kernel->handle()
#15 {main}
"} 
[2026-01-30 20:12:01] laravel.EMERGENCY: Unable to create configured logger. Using emergency logger. {"exception":"[object] (InvalidArgumentException(code: 0): Log [] is not defined. at C:/Users/jhonj/Downloads/chat-bot/vendor/laravel/framework/src/Illuminate/Log/LogManager.php:212)
[stacktrace]
#0 C:/Users/jhonj/Downloads/chat-bot/vendor/laravel/framework/src/Illuminate/Log/LogManager.php(137): Illuminate/Log/LogManager->resolve()
#1 C:/Users/jhonj/Downloads/chat-bot/vendor/laravel/framework/src/Illuminate/Log/LogManager.php(124): Illuminate/Log/LogManager->get()
#2 C:/Users/jhonj/Downloads/chat-bot/vendor/laravel/framework/src/Illuminate/Log/LogManager.php(681): Illuminate/Log/LogManager->driver()
#3 C:/Users/jhonj/Downloads/chat-bot/vendor/laravel/framework/src/Illuminate/Foundation/Exceptions/Handler.php(317): Illuminate/Log/LogManager->error()
#4 C:/Users/jhonj/Downloads/chat-bot/vendor/laravel/framework/src/Illuminate/Foundation/Exceptions/Handler.php(278): Illuminate/Foundation/Exceptions/Handler->reportThrowable()
#5 C:/Users/jhonj/Downloads/chat-bot/vendor/nunomaduro/collision/src/Adapters/Laravel/ExceptionHandler.php(46): Illuminate/Foundation/Exceptions/Handler->report()
#6 C:/Users/jhonj/Downloads/chat-bot/vendor/laravel/framework/src/Illuminate/Foundation/Console/Kernel.php(523): NunoMaduro/Collision/Adapters/Laravel/ExceptionHandler->report()
#7 C:/Users/jhonj/Downloads/chat-bot/vendor/laravel/framework/src/Illuminate/Foundation/Console/Kernel.php(203): Illuminate/Foundation/Console/Kernel->reportException()
#8 C:/Users/jhonj/Downloads/chat-bot/artisan(35): Illuminate/Foundation/Console/Kernel->handle()
#9 {main}
"} 
[2026-01-30 20:12:01] laravel.ERROR: Command "server" is not defined.

Did you mean one of these?
    make:observer
    serve {"exception":"[object] (Symfony\\Component\\Console\\Exception\\CommandNotFoundException(code: 0): Command \"server\" is not defined.

Did you mean one of these?
    make:observer
    serve at C:/Users/jhonj/Downloads/chat-bot/vendor/symfony/console/Application.php:745)
[stacktrace]
#0 C:/Users/jhonj/Downloads/chat-bot/vendor/symfony/console/Application.php(266): Symfony/Component/Console/Application->find()
#1 C:/Users/jhonj/Downloads/chat-bot/vendor/symfony/console/Application.php(175): Symfony/Component/Console/Application->doRun()
#2 C:/Users/jhonj/Downloads/chat-bot/vendor/laravel/framework/src/Illuminate/Foundation/Console/Kernel.php(201): Symfony/Component/Console/Application->run()
#3 C:/Users/jhonj/Downloads/chat-bot/artisan(35): Illuminate/Foundation/Console/Kernel->handle()
#4 {main}
"} 
[2026-01-30 20:14:07] laravel.EMERGENCY: Unable to create configured logger. Using emergency logger. {"exception":"[object] (InvalidArgumentException(code: 0): Log [] is not defined. at C:/Users/jhonj/Downloads/chat-bot/vendor/laravel/framework/src/Illuminate/Log/LogManager.php:212)
[stacktrace]
#0 C:/Users/jhonj/Downloads/chat-bot/vendor/laravel/framework/src/Illuminate/Log/LogManager.php(137): Illuminate/Log/LogManager->resolve()
#1 C:/Users/jhonj/Downloads/chat-bot/vendor/laravel/framework/src/Illuminate/Log/LogManager.php(124): Illuminate/Log/LogManager->get()
#2 C:/Users/jhonj/Downloads/chat-bot/vendor/laravel/framework/src/Illuminate/Log/LogManager.php(681): Illuminate/Log/LogManager->driver()
#3 C:/Users/jhonj/Downloads/chat-bot/vendor/laravel/framework/src/Illuminate/Foundation/Exceptions/Handler.php(317): Illuminate/Log/LogManager->error()
#4 C:/Users/jhonj/Downloads/chat-bot/vendor/laravel/framework/src/Illuminate/Foundation/Exceptions/Handler.php(278): Illuminate/Foundation/Exceptions/Handler->reportThrowable()
#5 C:/Users/jhonj/Downloads/chat-bot/vendor/laravel/framework/src/Illuminate/Routing/Pipeline.php(49): Illuminate/Foundation/Exceptions/Handler->report()
#6 C:/Users/jhonj/Downloads/chat-bot/vendor/laravel/framework/src/Illuminate/Pipeline/Pipeline.php(146): Illuminate/Routing/Pipeline->handleException()
#7 C:/Users/jhonj/Downloads/chat-bot/vendor/laravel/framework/src/Illuminate/Routing/Middleware/SubstituteBindings.php(50): Illuminate/Pipeline/Pipeline->Illuminate/Pipeline/{closure}()
#8 C:/Users/jhonj/Downloads/chat-bot/vendor/laravel/framework/src/Illuminate/Pipeline/Pipeline.php(183): Illuminate/Routing/Middleware/SubstituteBindings->handle()
#9 C:/Users/jhonj/Downloads/chat-bot/vendor/laravel/framework/src/Illuminate/Foundation/Http/Middleware/VerifyCsrfToken.php(78): Illuminate/Pipeline/Pipeline->Illuminate/Pipeline/{closure}()
#10 C:/Users/jhonj/Downloads/chat-bot/vendor/laravel/framework/src/Illuminate/Pipeline/Pipeline.php(183): Illuminate/Foundation/Http/Middleware/VerifyCsrfToken->handle()
#11 C:/Users/jhonj/Downloads/chat-bot/vendor/laravel/framework/src/Illuminate/View/Middleware/ShareErrorsFromSession.php(49): Illuminate/Pipeline/Pipeline->Illuminate/Pipeline/{closure}()
#12 C:/Users/jhonj/Downloads/chat-bot/vendor/laravel/framework/src/Illuminate/Pipeline/Pipeline.php(183): Illuminate/View/Middleware/ShareErrorsFromSession->handle()
#13 C:/Users/jhonj/Downloads/chat-bot/vendor/laravel/framework/src/Illuminate/Session/Middleware/StartSession.php(121): Illuminate/Pipeline/Pipeline->Illuminate/Pipeline/{closure}()
#14 C:/Users/jhonj/Downloads/chat-bot/vendor/laravel/framework/src/Illuminate/Session/Middleware/StartSession.php(64): Illuminate/Session/Middleware/StartSession->handleStatefulRequest()
#15 C:/Users/jhonj/Downloads/chat-bot/vendor/laravel/framework/src/Illuminate/Pipeline/Pipeline.php(183): Illuminate/Session/Middleware/StartSession->handle()
#16 C:/Users/jhonj/Downloads/chat-bot/vendor/laravel/framework/src/Illuminate/Cookie/Middleware/AddQueuedCookiesToResponse.php(37): Illuminate/Pipeline/Pipeline->Illuminate/Pipeline/{closure}()
#17 C:/Users/jhonj/Downloads/chat-bot/vendor/laravel/framework/src/Illuminate/Pipeline/Pipeline.php(183): Illuminate/Cookie/Middleware/AddQueuedCookiesToResponse->handle()
#18 C:/Users/jhonj/Downloads/chat-bot/vendor/laravel/framework/src/Illuminate/Cookie/Middleware/EncryptCookies.php(67): Illuminate/Pipeline/Pipeline->Illuminate/Pipeline/{closure}()
#19 C:/Users/jhonj/Downloads/chat-bot/vendor/laravel/framework/src/Illuminate/Pipeline/Pipeline.php(183): Illuminate/Cookie/Middleware/EncryptCookies->handle()
#20 C:/Users/jhonj/Downloads/chat-bot/vendor/laravel/framework/src/Illuminate/Pipeline/Pipeline.php(119): Illuminate/Pipeline/Pipeline->Illuminate/Pipeline/{closure}()
#21 C:/Users/jhonj/Downloads/chat-bot/vendor/laravel/framework/src/Illuminate/Routing/Router.php(805): Illuminate/Pipeline/Pipeline->then()
#22 C:/Users/jhonj/Downloads/chat-bot/vendor/laravel/framework/src/Illuminate/Routing/Router.php(784): Illuminate/Routing/Router->runRouteWithinStack()
#23 C:/Users/jhonj/Downloads/chat-bot/vendor/laravel/framework/src/Illuminate/Routing/Router.php(748): Illuminate/Routing/Router->runRoute()
#24 C:/Users/jhonj/Downloads/chat-bot/vendor/laravel/framework/src/Illuminate/Routing/Router.php(737): Illuminate/Routing/Router->dispatchToRoute()
#25 C:/Users/jhonj/Downloads/chat-bot/vendor/laravel/framework/src/Illuminate/Foundation/Http/Kernel.php(200): Illuminate/Routing/Router->dispatch()
#26 C:/Users/jhonj/Downloads/chat-bot/vendor/laravel/framework/src/Illuminate/Pipeline/Pipeline.php(144): Illuminate/Foundation/Http/Kernel->Illuminate/Foundation/Http/{closure}()
#27 C:/Users/jhonj/Downloads/chat-bot/vendor/laravel/framework/src/Illuminate/Foundation/Http/Middleware/TransformsRequest.php(21): Illuminate/Pipeline/Pipeline->Illuminate/Pipeline/{closure}()
#28 C:/Users/jhonj/Downloads/chat-bot/vendor/laravel/framework/src/Illuminate/Foundation/Http/Middleware/ConvertEmptyStringsToNull.php(31): Illuminate/Foundation/Http/Middleware/TransformsRequest->handle()
#29 C:/Users/jhonj/Downloads/chat-bot/vendor/laravel/framework/src/Illuminate/Pipeline/Pipeline.php(183): Illuminate/Foundation/Http/Middleware/ConvertEmptyStringsToNull->handle()
#30 C:/Users/jhonj/Downloads/chat-bot/vendor/laravel/framework/src/Illuminate/Foundation/Http/Middleware/TransformsRequest.php(21): Illuminate/Pipeline/Pipeline->Illuminate/Pipeline/{closure}()
#31 C:/Users/jhonj/Downloads/chat-bot/vendor/laravel/framework/src/Illuminate/Foundation/Http/Middleware/TrimStrings.php(40): Illuminate/Foundation/Http/Middleware/TransformsRequest->handle()
#32 C:/Users/jhonj/Downloads/chat-bot/vendor/laravel/framework/src/Illuminate/Pipeline/Pipeline.php(183): Illuminate/Foundation/Http/Middleware/TrimStrings->handle()
#33 C:/Users/jhonj/Downloads/chat-bot/vendor/laravel/framework/src/Illuminate/Foundation/Http/Middleware/ValidatePostSize.php(27): Illuminate/Pipeline/Pipeline->Illuminate/Pipeline/{closure}()
#34 C:/Users/jhonj/Downloads/chat-bot/vendor/laravel/framework/src/Illuminate/Pipeline/Pipeline.php(183): Illuminate/Foundation/Http/Middleware/ValidatePostSize->handle()
#35 C:/Users/jhonj/Downloads/chat-bot/vendor/laravel/framework/src/Illuminate/Foundation/Http/Middleware/PreventRequestsDuringMaintenance.php(99): Illuminate/Pipeline/Pipeline->Illuminate/Pipeline/{closure}()
#36 C:/Users/jhonj/Downloads/chat-bot/vendor/laravel/framework/src/Illuminate/Pipeline/Pipeline.php(183): Illuminate/Foundation/Http/Middleware/PreventRequestsDuringMaintenance->handle()
#37 C:/Users/jhonj/Downloads/chat-bot/vendor/laravel/framework/src/Illuminate/Http/Middleware/HandleCors.php(49): Illuminate/Pipeline/Pipeline->Illuminate/Pipeline/{closure}()
#38 C:/Users/jhonj/Downloads/chat-bot/vendor/laravel/framework/src/Illuminate/Pipeline/Pipeline.php(183): Illuminate/Http/Middleware/HandleCors->handle()
#39 C:/Users/jhonj/Downloads/chat-bot/vendor/laravel/framework/src/Illuminate/Http/Middleware/TrustProxies.php(39): Illuminate/Pipeline/Pipeline->Illuminate/Pipeline/{closure}()
#40 C:/Users/jhonj/Downloads/chat-bot/vendor/laravel/framework/src/Illuminate/Pipeline/Pipeline.php(183): Illuminate/Http/Middleware/TrustProxies->handle()
#41 C:/Users/jhonj/Downloads/chat-bot/vendor/laravel/framework/src/Illuminate/Pipeline/Pipeline.php(119): Illuminate/Pipeline/Pipeline->Illuminate/Pipeline/{closure}()
#42 C:/Users/jhonj/Downloads/chat-bot/vendor/laravel/framework/src/Illuminate/Foundation/Http/Kernel.php(175): Illuminate/Pipeline/Pipeline->then()
#43 C:/Users/jhonj/Downloads/chat-bot/vendor/laravel/framework/src/Illuminate/Foundation/Http/Kernel.php(144): Illuminate/Foundation/Http/Kernel->sendRequestThroughRouter()
#44 C:/Users/jhonj/Downloads/chat-bot/public/index.php(51): Illuminate/Foundation/Http/Kernel->handle()
#45 C:/Users/jhonj/Downloads/chat-bot/vendor/laravel/framework/src/Illuminate/Foundation/resources/server.php(16): require_once('...')
#46 {main}
"} 
[2026-01-30 20:14:07] laravel.ERROR: View [welcome] not found. {"exception":"[object] (InvalidArgumentException(code: 0): View [welcome] not found. at C:/Users/jhonj/Downloads/chat-bot/vendor/laravel/framework/src/Illuminate/View/FileViewFinder.php:137)
[stacktrace]
#0 C:/Users/jhonj/Downloads/chat-bot/vendor/laravel/framework/src/Illuminate/View/FileViewFinder.php(79): Illuminate/View/FileViewFinder->findInPaths()
#1 C:/Users/jhonj/Downloads/chat-bot/vendor/laravel/framework/src/Illuminate/View/Factory.php(137): Illuminate/View/FileViewFinder->find()
#2 C:/Users/jhonj/Downloads/chat-bot/vendor/laravel/framework/src/Illuminate/Foundation/helpers.php(1020): Illuminate/View/Factory->make()
#3 C:/Users/jhonj/Downloads/chat-bot/routes/web.php(17): view()
#4 C:/Users/jhonj/Downloads/chat-bot/vendor/laravel/framework/src/Illuminate/Routing/CallableDispatcher.php(40): Illuminate/Routing/RouteFileRegistrar->{closure}()
#5 C:/Users/jhonj/Downloads/chat-bot/vendor/laravel/framework/src/Illuminate/Routing/Route.php(237): Illuminate/Routing/CallableDispatcher->dispatch()
#6 C:/Users/jhonj/Downloads/chat-bot/vendor/laravel/framework/src/Illuminate/Routing/Route.php(208): Illuminate/Routing/Route->runCallable()
#7 C:/Users/jhonj/Downloads/chat-bot/vendor/laravel/framework/src/Illuminate/Routing/Router.php(806): Illuminate/Routing/Route->run()
#8 C:/Users/jhonj/Downloads/chat-bot/vendor/laravel/framework/src/Illuminate/Pipeline/Pipeline.php(144): Illuminate/Routing/Router->Illuminate/Routing/{closure}()
#9 C:/Users/jhonj/Downloads/chat-bot/vendor/laravel/framework/src/Illuminate/Routing/Middleware/SubstituteBindings.php(50): Illuminate/Pipeline/Pipeline->Illuminate/Pipeline/{closure}()
#10 C:/Users/jhonj/Downloads/chat-bot/vendor/laravel/framework/src/Illuminate/Pipeline/Pipeline.php(183): Illuminate/Routing/Middleware/SubstituteBindings->handle()
#11 C:/Users/jhonj/Downloads/chat-bot/vendor/laravel/framework/src/Illuminate/Foundation/Http/Middleware/VerifyCsrfToken.php(78): Illuminate/Pipeline/Pipeline->Illuminate/Pipeline/{closure}()
#12 C:/Users/jhonj/Downloads/chat-bot/vendor/laravel/framework/src/Illuminate/Pipeline/Pipeline.php(183): Illuminate/Foundation/Http/Middleware/VerifyCsrfToken->handle()
#13 C:/Users/jhonj/Downloads/chat-bot/vendor/laravel/framework/src/Illuminate/View/Middleware/ShareErrorsFromSession.php(49): Illuminate/Pipeline/Pipeline->Illuminate/Pipeline/{closure}()
#14 C:/Users/jhonj/Downloads/chat-bot/vendor/laravel/framework/src/Illuminate/Pipeline/Pipeline.php(183): Illuminate/View/Middleware/ShareErrorsFromSession->handle()
#15 C:/Users/jhonj/Downloads/chat-bot/vendor/laravel/framework/src/Illuminate/Session/Middleware/StartSession.php(121): Illuminate/Pipeline/Pipeline->Illuminate/Pipeline/{closure}()
#16 C:/Users/jhonj/Downloads/chat-bot/vendor/laravel/framework/src/Illuminate/Session/Middleware/StartSession.php(64): Illuminate/Session/Middleware/StartSession->handleStatefulRequest()
#17 C:/Users/jhonj/Downloads/chat-bot/vendor/laravel/framework/src/Illuminate/Pipeline/Pipeline.php(183): Illuminate/Session/Middleware/StartSession->handle()
#18 C:/Users/jhonj/Downloads/chat-bot/vendor/laravel/framework/src/Illuminate/Cookie/Middleware/AddQueuedCookiesToResponse.php(37): Illuminate/Pipeline/Pipeline->Illuminate/Pipeline/{closure}()
#19 C:/Users/jhonj/Downloads/chat-bot/vendor/laravel/framework/src/Illuminate/Pipeline/Pipeline.php(183): Illuminate/Cookie/Middleware/AddQueuedCookiesToResponse->handle()
#20 C:/Users/jhonj/Downloads/chat-bot/vendor/laravel/framework/src/Illuminate/Cookie/Middleware/EncryptCookies.php(67): Illuminate/Pipeline/Pipeline->Illuminate/Pipeline/{closure}()
#21 C:/Users/jhonj/Downloads/chat-bot/vendor/laravel/framework/src/Illuminate/Pipeline/Pipeline.php(183): Illuminate/Cookie/Middleware/EncryptCookies->handle()
#22 C:/Users/jhonj/Downloads/chat-bot/vendor/laravel/framework/src/Illuminate/Pipeline/Pipeline.php(119): Illuminate/Pipeline/Pipeline->Illuminate/Pipeline/{closure}()
#23 C:/Users/jhonj/Downloads/chat-bot/vendor/laravel/framework/src/Illuminate/Routing/Router.php(805): Illuminate/Pipeline/Pipeline->then()
#24 C:/Users/jhonj/Downloads/chat-bot/vendor/laravel/framework/src/Illuminate/Routing/Router.php(784): Illuminate/Routing/Router->runRouteWithinStack()
#25 C:/Users/jhonj/Downloads/chat-bot/vendor/laravel/framework/src/Illuminate/Routing/Router.php(748): Illuminate/Routing/Router->runRoute()
#26 C:/Users/jhonj/Downloads/chat-bot/vendor/laravel/framework/src/Illuminate/Routing/Router.php(737): Illuminate/Routing/Router->dispatchToRoute()
#27 C:/Users/jhonj/Downloads/chat-bot/vendor/laravel/framework/src/Illuminate/Foundation/Http/Kernel.php(200): Illuminate/Routing/Router->dispatch()
#28 C:/Users/jhonj/Downloads/chat-bot/vendor/laravel/framework/src/Illuminate/Pipeline/Pipeline.php(144): Illuminate/Foundation/Http/Kernel->Illuminate/Foundation/Http/{closure}()
#29 C:/Users/jhonj/Downloads/chat-bot/vendor/laravel/framework/src/Illuminate/Foundation/Http/Middleware/TransformsRequest.php(21): Illuminate/Pipeline/Pipeline->Illuminate/Pipeline/{closure}()
#30 C:/Users/jhonj/Downloads/chat-bot/vendor/laravel/framework/src/Illuminate/Foundation/Http/Middleware/ConvertEmptyStringsToNull.php(31): Illuminate/Foundation/Http/Middleware/TransformsRequest->handle()
#31 C:/Users/jhonj/Downloads/chat-bot/vendor/laravel/framework/src/Illuminate/Pipeline/Pipeline.php(183): Illuminate/Foundation/Http/Middleware/ConvertEmptyStringsToNull->handle()
#32 C:/Users/jhonj/Downloads/chat-bot/vendor/laravel/framework/src/Illuminate/Foundation/Http/Middleware/TransformsRequest.php(21): Illuminate/Pipeline/Pipeline->Illuminate/Pipeline/{closure}()
#33 C:/Users/jhonj/Downloads/chat-bot/vendor/laravel/framework/src/Illuminate/Foundation/Http/Middleware/TrimStrings.php(40): Illuminate/Foundation/Http/Middleware/TransformsRequest->handle()
#34 C:/Users/jhonj/Downloads/chat-bot/vendor/laravel/framework/src/Illuminate/Pipeline/Pipeline.php(183): Illuminate/Foundation/Http/Middleware/TrimStrings->handle()
#35 C:/Users/jhonj/Downloads/chat-bot/vendor/laravel/framework/src/Illuminate/Foundation/Http/Middleware/ValidatePostSize.php(27): Illuminate/Pipeline/Pipeline->Illuminate/Pipeline/{closure}()
#36 C:/Users/jhonj/Downloads/chat-bot/vendor/laravel/framework/src/Illuminate/Pipeline/Pipeline.php(183): Illuminate/Foundation/Http/Middleware/ValidatePostSize->handle()
#37 C:/Users/jhonj/Downloads/chat-bot/vendor/laravel/framework/src/Illuminate/Foundation/Http/Middleware/PreventRequestsDuringMaintenance.php(99): Illuminate/Pipeline/Pipeline->Illuminate/Pipeline/{closure}()
#38 C:/Users/jhonj/Downloads/chat-bot/vendor/laravel/framework/src/Illuminate/Pipeline/Pipeline.php(183): Illuminate/Foundation/Http/Middleware/PreventRequestsDuringMaintenance->handle()
#39 C:/Users/jhonj/Downloads/chat-bot/vendor/laravel/framework/src/Illuminate/Http/Middleware/HandleCors.php(49): Illuminate/Pipeline/Pipeline->Illuminate/Pipeline/{closure}()
#40 C:/Users/jhonj/Downloads/chat-bot/vendor/laravel/framework/src/Illuminate/Pipeline/Pipeline.php(183): Illuminate/Http/Middleware/HandleCors->handle()
#41 C:/Users/jhonj/Downloads/chat-bot/vendor/laravel/framework/src/Illuminate/Http/Middleware/TrustProxies.php(39): Illuminate/Pipeline/Pipeline->Illuminate/Pipeline/{closure}()
#42 C:/Users/jhonj/Downloads/chat-bot/vendor/laravel/framework/src/Illuminate/Pipeline/Pipeline.php(183): Illuminate/Http/Middleware/TrustProxies->handle()
#43 C:/Users/jhonj/Downloads/chat-bot/vendor/laravel/framework/src/Illuminate/Pipeline/Pipeline.php(119): Illuminate/Pipeline/Pipeline->Illuminate/Pipeline/{closure}()
#44 C:/Users/jhonj/Downloads/chat-bot/vendor/laravel/framework/src/Illuminate/Foundation/Http/Kernel.php(175): Illuminate/Pipeline/Pipeline->then()
#45 C:/Users/jhonj/Downloads/chat-bot/vendor/laravel/framework/src/Illuminate/Foundation/Http/Kernel.php(144): Illuminate/Foundation/Http/Kernel->sendRequestThroughRouter()
#46 C:/Users/jhonj/Downloads/chat-bot/public/index.php(51): Illuminate/Foundation/Http/Kernel->handle()
#47 C:/Users/jhonj/Downloads/chat-bot/vendor/laravel/framework/src/Illuminate/Foundation/resources/server.php(16): require_once('...')
#48 {main}
"} 
[2026-01-30 20:14:08] laravel.EMERGENCY: Unable to create configured logger. Using emergency logger. {"exception":"[object] (InvalidArgumentException(code: 0): Log [] is not defined. at C:/Users/jhonj/Downloads/chat-bot/vendor/laravel/framework/src/Illuminate/Log/LogManager.php:212)
[stacktrace]
#0 C:/Users/jhonj/Downloads/chat-bot/vendor/laravel/framework/src/Illuminate/Log/LogManager.php(137): Illuminate/Log/LogManager->resolve()
#1 C:/Users/jhonj/Downloads/chat-bot/vendor/laravel/framework/src/Illuminate/Log/LogManager.php(124): Illuminate/Log/LogManager->get()
#2 C:/Users/jhonj/Downloads/chat-bot/vendor/laravel/framework/src/Illuminate/Log/LogManager.php(681): Illuminate/Log/LogManager->driver()
#3 C:/Users/jhonj/Downloads/chat-bot/vendor/laravel/framework/src/Illuminate/Foundation/Exceptions/Handler.php(317): Illuminate/Log/LogManager->error()
#4 C:/Users/jhonj/Downloads/chat-bot/vendor/laravel/framework/src/Illuminate/Foundation/Exceptions/Handler.php(278): Illuminate/Foundation/Exceptions/Handler->reportThrowable()
#5 C:/Users/jhonj/Downloads/chat-bot/vendor/laravel/framework/src/Illuminate/Routing/Pipeline.php(49): Illuminate/Foundation/Exceptions/Handler->report()
#6 C:/Users/jhonj/Downloads/chat-bot/vendor/laravel/framework/src/Illuminate/Pipeline/Pipeline.php(146): Illuminate/Routing/Pipeline->handleException()
#7 C:/Users/jhonj/Downloads/chat-bot/vendor/laravel/framework/src/Illuminate/Routing/Middleware/SubstituteBindings.php(50): Illuminate/Pipeline/Pipeline->Illuminate/Pipeline/{closure}()
#8 C:/Users/jhonj/Downloads/chat-bot/vendor/laravel/framework/src/Illuminate/Pipeline/Pipeline.php(183): Illuminate/Routing/Middleware/SubstituteBindings->handle()
#9 C:/Users/jhonj/Downloads/chat-bot/vendor/laravel/framework/src/Illuminate/Foundation/Http/Middleware/VerifyCsrfToken.php(78): Illuminate/Pipeline/Pipeline->Illuminate/Pipeline/{closure}()
#10 C:/Users/jhonj/Downloads/chat-bot/vendor/laravel/framework/src/Illuminate/Pipeline/Pipeline.php(183): Illuminate/Foundation/Http/Middleware/VerifyCsrfToken->handle()
#11 C:/Users/jhonj/Downloads/chat-bot/vendor/laravel/framework/src/Illuminate/View/Middleware/ShareErrorsFromSession.php(49): Illuminate/Pipeline/Pipeline->Illuminate/Pipeline/{closure}()
#12 C:/Users/jhonj/Downloads/chat-bot/vendor/laravel/framework/src/Illuminate/Pipeline/Pipeline.php(183): Illuminate/View/Middleware/ShareErrorsFromSession->handle()
#13 C:/Users/jhonj/Downloads/chat-bot/vendor/laravel/framework/src/Illuminate/Session/Middleware/StartSession.php(121): Illuminate/Pipeline/Pipeline->Illuminate/Pipeline/{closure}()
#14 C:/Users/jhonj/Downloads/chat-bot/vendor/laravel/framework/src/Illuminate/Session/Middleware/StartSession.php(64): Illuminate/Session/Middleware/StartSession->handleStatefulRequest()
#15 C:/Users/jhonj/Downloads/chat-bot/vendor/laravel/framework/src/Illuminate/Pipeline/Pipeline.php(183): Illuminate/Session/Middleware/StartSession->handle()
#16 C:/Users/jhonj/Downloads/chat-bot/vendor/laravel/framework/src/Illuminate/Cookie/Middleware/AddQueuedCookiesToResponse.php(37): Illuminate/Pipeline/Pipeline->Illuminate/Pipeline/{closure}()
#17 C:/Users/jhonj/Downloads/chat-bot/vendor/laravel/framework/src/Illuminate/Pipeline/Pipeline.php(183): Illuminate/Cookie/Middleware/AddQueuedCookiesToResponse->handle()
#18 C:/Users/jhonj/Downloads/chat-bot/vendor/laravel/framework/src/Illuminate/Cookie/Middleware/EncryptCookies.php(67): Illuminate/Pipeline/Pipeline->Illuminate/Pipeline/{closure}()
#19 C:/Users/jhonj/Downloads/chat-bot/vendor/laravel/framework/src/Illuminate/Pipeline/Pipeline.php(183): Illuminate/Cookie/Middleware/EncryptCookies->handle()
#20 C:/Users/jhonj/Downloads/chat-bot/vendor/laravel/framework/src/Illuminate/Pipeline/Pipeline.php(119): Illuminate/Pipeline/Pipeline->Illuminate/Pipeline/{closure}()
#21 C:/Users/jhonj/Downloads/chat-bot/vendor/laravel/framework/src/Illuminate/Routing/Router.php(805): Illuminate/Pipeline/Pipeline->then()
#22 C:/Users/jhonj/Downloads/chat-bot/vendor/laravel/framework/src/Illuminate/Routing/Router.php(784): Illuminate/Routing/Router->runRouteWithinStack()
#23 C:/Users/jhonj/Downloads/chat-bot/vendor/laravel/framework/src/Illuminate/Routing/Router.php(748): Illuminate/Routing/Router->runRoute()
#24 C:/Users/jhonj/Downloads/chat-bot/vendor/laravel/framework/src/Illuminate/Routing/Router.php(737): Illuminate/Routing/Router->dispatchToRoute()
#25 C:/Users/jhonj/Downloads/chat-bot/vendor/laravel/framework/src/Illuminate/Foundation/Http/Kernel.php(200): Illuminate/Routing/Router->dispatch()
#26 C:/Users/jhonj/Downloads/chat-bot/vendor/laravel/framework/src/Illuminate/Pipeline/Pipeline.php(144): Illuminate/Foundation/Http/Kernel->Illuminate/Foundation/Http/{closure}()
#27 C:/Users/jhonj/Downloads/chat-bot/vendor/laravel/framework/src/Illuminate/Foundation/Http/Middleware/TransformsRequest.php(21): Illuminate/Pipeline/Pipeline->Illuminate/Pipeline/{closure}()
#28 C:/Users/jhonj/Downloads/chat-bot/vendor/laravel/framework/src/Illuminate/Foundation/Http/Middleware/ConvertEmptyStringsToNull.php(31): Illuminate/Foundation/Http/Middleware/TransformsRequest->handle()
#29 C:/Users/jhonj/Downloads/chat-bot/vendor/laravel/framework/src/Illuminate/Pipeline/Pipeline.php(183): Illuminate/Foundation/Http/Middleware/ConvertEmptyStringsToNull->handle()
#30 C:/Users/jhonj/Downloads/chat-bot/vendor/laravel/framework/src/Illuminate/Foundation/Http/Middleware/TransformsRequest.php(21): Illuminate/Pipeline/Pipeline->Illuminate/Pipeline/{closure}()
#31 C:/Users/jhonj/Downloads/chat-bot/vendor/laravel/framework/src/Illuminate/Foundation/Http/Middleware/TrimStrings.php(40): Illuminate/Foundation/Http/Middleware/TransformsRequest->handle()
#32 C:/Users/jhonj/Downloads/chat-bot/vendor/laravel/framework/src/Illuminate/Pipeline/Pipeline.php(183): Illuminate/Foundation/Http/Middleware/TrimStrings->handle()
#33 C:/Users/jhonj/Downloads/chat-bot/vendor/laravel/framework/src/Illuminate/Foundation/Http/Middleware/ValidatePostSize.php(27): Illuminate/Pipeline/Pipeline->Illuminate/Pipeline/{closure}()
#34 C:/Users/jhonj/Downloads/chat-bot/vendor/laravel/framework/src/Illuminate/Pipeline/Pipeline.php(183): Illuminate/Foundation/Http/Middleware/ValidatePostSize->handle()
#35 C:/Users/jhonj/Downloads/chat-bot/vendor/laravel/framework/src/Illuminate/Foundation/Http/Middleware/PreventRequestsDuringMaintenance.php(99): Illuminate/Pipeline/Pipeline->Illuminate/Pipeline/{closure}()
#36 C:/Users/jhonj/Downloads/chat-bot/vendor/laravel/framework/src/Illuminate/Pipeline/Pipeline.php(183): Illuminate/Foundation/Http/Middleware/PreventRequestsDuringMaintenance->handle()
#37 C:/Users/jhonj/Downloads/chat-bot/vendor/laravel/framework/src/Illuminate/Http/Middleware/HandleCors.php(49): Illuminate/Pipeline/Pipeline->Illuminate/Pipeline/{closure}()
#38 C:/Users/jhonj/Downloads/chat-bot/vendor/laravel/framework/src/Illuminate/Pipeline/Pipeline.php(183): Illuminate/Http/Middleware/HandleCors->handle()
#39 C:/Users/jhonj/Downloads/chat-bot/vendor/laravel/framework/src/Illuminate/Http/Middleware/TrustProxies.php(39): Illuminate/Pipeline/Pipeline->Illuminate/Pipeline/{closure}()
#40 C:/Users/jhonj/Downloads/chat-bot/vendor/laravel/framework/src/Illuminate/Pipeline/Pipeline.php(183): Illuminate/Http/Middleware/TrustProxies->handle()
#41 C:/Users/jhonj/Downloads/chat-bot/vendor/laravel/framework/src/Illuminate/Pipeline/Pipeline.php(119): Illuminate/Pipeline/Pipeline->Illuminate/Pipeline/{closure}()
#42 C:/Users/jhonj/Downloads/chat-bot/vendor/laravel/framework/src/Illuminate/Foundation/Http/Kernel.php(175): Illuminate/Pipeline/Pipeline->then()
#43 C:/Users/jhonj/Downloads/chat-bot/vendor/laravel/framework/src/Illuminate/Foundation/Http/Kernel.php(144): Illuminate/Foundation/Http/Kernel->sendRequestThroughRouter()
#44 C:/Users/jhonj/Downloads/chat-bot/public/index.php(51): Illuminate/Foundation/Http/Kernel->handle()
#45 C:/Users/jhonj/Downloads/chat-bot/vendor/laravel/framework/src/Illuminate/Foundation/resources/server.php(16): require_once('...')
#46 {main}
"} 
[2026-01-30 20:14:08] laravel.ERROR: View [welcome] not found. {"exception":"[object] (InvalidArgumentException(code: 0): View [welcome] not found. at C:/Users/jhonj/Downloads/chat-bot/vendor/laravel/framework/src/Illuminate/View/FileViewFinder.php:137)
[stacktrace]
#0 C:/Users/jhonj/Downloads/chat-bot/vendor/laravel/framework/src/Illuminate/View/FileViewFinder.php(79): Illuminate/View/FileViewFinder->findInPaths()
#1 C:/Users/jhonj/Downloads/chat-bot/vendor/laravel/framework/src/Illuminate/View/Factory.php(137): Illuminate/View/FileViewFinder->find()
#2 C:/Users/jhonj/Downloads/chat-bot/vendor/laravel/framework/src/Illuminate/Foundation/helpers.php(1020): Illuminate/View/Factory->make()
#3 C:/Users/jhonj/Downloads/chat-bot/routes/web.php(17): view()
#4 C:/Users/jhonj/Downloads/chat-bot/vendor/laravel/framework/src/Illuminate/Routing/CallableDispatcher.php(40): Illuminate/Routing/RouteFileRegistrar->{closure}()
#5 C:/Users/jhonj/Downloads/chat-bot/vendor/laravel/framework/src/Illuminate/Routing/Route.php(237): Illuminate/Routing/CallableDispatcher->dispatch()
#6 C:/Users/jhonj/Downloads/chat-bot/vendor/laravel/framework/src/Illuminate/Routing/Route.php(208): Illuminate/Routing/Route->runCallable()
#7 C:/Users/jhonj/Downloads/chat-bot/vendor/laravel/framework/src/Illuminate/Routing/Router.php(806): Illuminate/Routing/Route->run()
#8 C:/Users/jhonj/Downloads/chat-bot/vendor/laravel/framework/src/Illuminate/Pipeline/Pipeline.php(144): Illuminate/Routing/Router->Illuminate/Routing/{closure}()
#9 C:/Users/jhonj/Downloads/chat-bot/vendor/laravel/framework/src/Illuminate/Routing/Middleware/SubstituteBindings.php(50): Illuminate/Pipeline/Pipeline->Illuminate/Pipeline/{closure}()
#10 C:/Users/jhonj/Downloads/chat-bot/vendor/laravel/framework/src/Illuminate/Pipeline/Pipeline.php(183): Illuminate/Routing/Middleware/SubstituteBindings->handle()
#11 C:/Users/jhonj/Downloads/chat-bot/vendor/laravel/framework/src/Illuminate/Foundation/Http/Middleware/VerifyCsrfToken.php(78): Illuminate/Pipeline/Pipeline->Illuminate/Pipeline/{closure}()
#12 C:/Users/jhonj/Downloads/chat-bot/vendor/laravel/framework/src/Illuminate/Pipeline/Pipeline.php(183): Illuminate/Foundation/Http/Middleware/VerifyCsrfToken->handle()
#13 C:/Users/jhonj/Downloads/chat-bot/vendor/laravel/framework/src/Illuminate/View/Middleware/ShareErrorsFromSession.php(49): Illuminate/Pipeline/Pipeline->Illuminate/Pipeline/{closure}()
#14 C:/Users/jhonj/Downloads/chat-bot/vendor/laravel/framework/src/Illuminate/Pipeline/Pipeline.php(183): Illuminate/View/Middleware/ShareErrorsFromSession->handle()
#15 C:/Users/jhonj/Downloads/chat-bot/vendor/laravel/framework/src/Illuminate/Session/Middleware/StartSession.php(121): Illuminate/Pipeline/Pipeline->Illuminate/Pipeline/{closure}()
#16 C:/Users/jhonj/Downloads/chat-bot/vendor/laravel/framework/src/Illuminate/Session/Middleware/StartSession.php(64): Illuminate/Session/Middleware/StartSession->handleStatefulRequest()
#17 C:/Users/jhonj/Downloads/chat-bot/vendor/laravel/framework/src/Illuminate/Pipeline/Pipeline.php(183): Illuminate/Session/Middleware/StartSession->handle()
#18 C:/Users/jhonj/Downloads/chat-bot/vendor/laravel/framework/src/Illuminate/Cookie/Middleware/AddQueuedCookiesToResponse.php(37): Illuminate/Pipeline/Pipeline->Illuminate/Pipeline/{closure}()
#19 C:/Users/jhonj/Downloads/chat-bot/vendor/laravel/framework/src/Illuminate/Pipeline/Pipeline.php(183): Illuminate/Cookie/Middleware/AddQueuedCookiesToResponse->handle()
#20 C:/Users/jhonj/Downloads/chat-bot/vendor/laravel/framework/src/Illuminate/Cookie/Middleware/EncryptCookies.php(67): Illuminate/Pipeline/Pipeline->Illuminate/Pipeline/{closure}()
#21 C:/Users/jhonj/Downloads/chat-bot/vendor/laravel/framework/src/Illuminate/Pipeline/Pipeline.php(183): Illuminate/Cookie/Middleware/EncryptCookies->handle()
#22 C:/Users/jhonj/Downloads/chat-bot/vendor/laravel/framework/src/Illuminate/Pipeline/Pipeline.php(119): Illuminate/Pipeline/Pipeline->Illuminate/Pipeline/{closure}()
#23 C:/Users/jhonj/Downloads/chat-bot/vendor/laravel/framework/src/Illuminate/Routing/Router.php(805): Illuminate/Pipeline/Pipeline->then()
#24 C:/Users/jhonj/Downloads/chat-bot/vendor/laravel/framework/src/Illuminate/Routing/Router.php(784): Illuminate/Routing/Router->runRouteWithinStack()
#25 C:/Users/jhonj/Downloads/chat-bot/vendor/laravel/framework/src/Illuminate/Routing/Router.php(748): Illuminate/Routing/Router->runRoute()
#26 C:/Users/jhonj/Downloads/chat-bot/vendor/laravel/framework/src/Illuminate/Routing/Router.php(737): Illuminate/Routing/Router->dispatchToRoute()
#27 C:/Users/jhonj/Downloads/chat-bot/vendor/laravel/framework/src/Illuminate/Foundation/Http/Kernel.php(200): Illuminate/Routing/Router->dispatch()
#28 C:/Users/jhonj/Downloads/chat-bot/vendor/laravel/framework/src/Illuminate/Pipeline/Pipeline.php(144): Illuminate/Foundation/Http/Kernel->Illuminate/Foundation/Http/{closure}()
#29 C:/Users/jhonj/Downloads/chat-bot/vendor/laravel/framework/src/Illuminate/Foundation/Http/Middleware/TransformsRequest.php(21): Illuminate/Pipeline/Pipeline->Illuminate/Pipeline/{closure}()
#30 C:/Users/jhonj/Downloads/chat-bot/vendor/laravel/framework/src/Illuminate/Foundation/Http/Middleware/ConvertEmptyStringsToNull.php(31): Illuminate/Foundation/Http/Middleware/TransformsRequest->handle()
#31 C:/Users/jhonj/Downloads/chat-bot/vendor/laravel/framework/src/Illuminate/Pipeline/Pipeline.php(183): Illuminate/Foundation/Http/Middleware/ConvertEmptyStringsToNull->handle()
#32 C:/Users/jhonj/Downloads/chat-bot/vendor/laravel/framework/src/Illuminate/Foundation/Http/Middleware/TransformsRequest.php(21): Illuminate/Pipeline/Pipeline->Illuminate/Pipeline/{closure}()
#33 C:/Users/jhonj/Downloads/chat-bot/vendor/laravel/framework/src/Illuminate/Foundation/Http/Middleware/TrimStrings.php(40): Illuminate/Foundation/Http/Middleware/TransformsRequest->handle()
#34 C:/Users/jhonj/Downloads/chat-bot/vendor/laravel/framework/src/Illuminate/Pipeline/Pipeline.php(183): Illuminate/Foundation/Http/Middleware/TrimStrings->handle()
#35 C:/Users/jhonj/Downloads/chat-bot/vendor/laravel/framework/src/Illuminate/Foundation/Http/Middleware/ValidatePostSize.php(27): Illuminate/Pipeline/Pipeline->Illuminate/Pipeline/{closure}()
#36 C:/Users/jhonj/Downloads/chat-bot/vendor/laravel/framework/src/Illuminate/Pipeline/Pipeline.php(183): Illuminate/Foundation/Http/Middleware/ValidatePostSize->handle()
#37 C:/Users/jhonj/Downloads/chat-bot/vendor/laravel/framework/src/Illuminate/Foundation/Http/Middleware/PreventRequestsDuringMaintenance.php(99): Illuminate/Pipeline/Pipeline->Illuminate/Pipeline/{closure}()
#38 C:/Users/jhonj/Downloads/chat-bot/vendor/laravel/framework/src/Illuminate/Pipeline/Pipeline.php(183): Illuminate/Foundation/Http/Middleware/PreventRequestsDuringMaintenance->handle()
#39 C:/Users/jhonj/Downloads/chat-bot/vendor/laravel/framework/src/Illuminate/Http/Middleware/HandleCors.php(49): Illuminate/Pipeline/Pipeline->Illuminate/Pipeline/{closure}()
#40 C:/Users/jhonj/Downloads/chat-bot/vendor/laravel/framework/src/Illuminate/Pipeline/Pipeline.php(183): Illuminate/Http/Middleware/HandleCors->handle()
#41 C:/Users/jhonj/Downloads/chat-bot/vendor/laravel/framework/src/Illuminate/Http/Middleware/TrustProxies.php(39): Illuminate/Pipeline/Pipeline->Illuminate/Pipeline/{closure}()
#42 C:/Users/jhonj/Downloads/chat-bot/vendor/laravel/framework/src/Illuminate/Pipeline/Pipeline.php(183): Illuminate/Http/Middleware/TrustProxies->handle()
#43 C:/Users/jhonj/Downloads/chat-bot/vendor/laravel/framework/src/Illuminate/Pipeline/Pipeline.php(119): Illuminate/Pipeline/Pipeline->Illuminate/Pipeline/{closure}()
#44 C:/Users/jhonj/Downloads/chat-bot/vendor/laravel/framework/src/Illuminate/Foundation/Http/Kernel.php(175): Illuminate/Pipeline/Pipeline->then()
#45 C:/Users/jhonj/Downloads/chat-bot/vendor/laravel/framework/src/Illuminate/Foundation/Http/Kernel.php(144): Illuminate/Foundation/Http/Kernel->sendRequestThroughRouter()
#46 C:/Users/jhonj/Downloads/chat-bot/public/index.php(51): Illuminate/Foundation/Http/Kernel->handle()
#47 C:/Users/jhonj/Downloads/chat-bot/vendor/laravel/framework/src/Illuminate/Foundation/resources/server.php(16): require_once('...')
#48 {main}
"} 
[2026-01-30 20:14:10] laravel.EMERGENCY: Unable to create configured logger. Using emergency logger. {"exception":"[object] (InvalidArgumentException(code: 0): Log [] is not defined. at C:/Users/jhonj/Downloads/chat-bot/vendor/laravel/framework/src/Illuminate/Log/LogManager.php:212)
[stacktrace]
#0 C:/Users/jhonj/Downloads/chat-bot/vendor/laravel/framework/src/Illuminate/Log/LogManager.php(137): Illuminate/Log/LogManager->resolve()
#1 C:/Users/jhonj/Downloads/chat-bot/vendor/laravel/framework/src/Illuminate/Log/LogManager.php(124): Illuminate/Log/LogManager->get()
#2 C:/Users/jhonj/Downloads/chat-bot/vendor/laravel/framework/src/Illuminate/Log/LogManager.php(681): Illuminate/Log/LogManager->driver()
#3 C:/Users/jhonj/Downloads/chat-bot/vendor/laravel/framework/src/Illuminate/Foundation/Exceptions/Handler.php(317): Illuminate/Log/LogManager->error()
#4 C:/Users/jhonj/Downloads/chat-bot/vendor/laravel/framework/src/Illuminate/Foundation/Exceptions/Handler.php(278): Illuminate/Foundation/Exceptions/Handler->reportThrowable()
#5 C:/Users/jhonj/Downloads/chat-bot/vendor/laravel/framework/src/Illuminate/Routing/Pipeline.php(49): Illuminate/Foundation/Exceptions/Handler->report()
#6 C:/Users/jhonj/Downloads/chat-bot/vendor/laravel/framework/src/Illuminate/Pipeline/Pipeline.php(146): Illuminate/Routing/Pipeline->handleException()
#7 C:/Users/jhonj/Downloads/chat-bot/vendor/laravel/framework/src/Illuminate/Routing/Middleware/SubstituteBindings.php(50): Illuminate/Pipeline/Pipeline->Illuminate/Pipeline/{closure}()
#8 C:/Users/jhonj/Downloads/chat-bot/vendor/laravel/framework/src/Illuminate/Pipeline/Pipeline.php(183): Illuminate/Routing/Middleware/SubstituteBindings->handle()
#9 C:/Users/jhonj/Downloads/chat-bot/vendor/laravel/framework/src/Illuminate/Foundation/Http/Middleware/VerifyCsrfToken.php(78): Illuminate/Pipeline/Pipeline->Illuminate/Pipeline/{closure}()
#10 C:/Users/jhonj/Downloads/chat-bot/vendor/laravel/framework/src/Illuminate/Pipeline/Pipeline.php(183): Illuminate/Foundation/Http/Middleware/VerifyCsrfToken->handle()
#11 C:/Users/jhonj/Downloads/chat-bot/vendor/laravel/framework/src/Illuminate/View/Middleware/ShareErrorsFromSession.php(49): Illuminate/Pipeline/Pipeline->Illuminate/Pipeline/{closure}()
#12 C:/Users/jhonj/Downloads/chat-bot/vendor/laravel/framework/src/Illuminate/Pipeline/Pipeline.php(183): Illuminate/View/Middleware/ShareErrorsFromSession->handle()
#13 C:/Users/jhonj/Downloads/chat-bot/vendor/laravel/framework/src/Illuminate/Session/Middleware/StartSession.php(121): Illuminate/Pipeline/Pipeline->Illuminate/Pipeline/{closure}()
#14 C:/Users/jhonj/Downloads/chat-bot/vendor/laravel/framework/src/Illuminate/Session/Middleware/StartSession.php(64): Illuminate/Session/Middleware/StartSession->handleStatefulRequest()
#15 C:/Users/jhonj/Downloads/chat-bot/vendor/laravel/framework/src/Illuminate/Pipeline/Pipeline.php(183): Illuminate/Session/Middleware/StartSession->handle()
#16 C:/Users/jhonj/Downloads/chat-bot/vendor/laravel/framework/src/Illuminate/Cookie/Middleware/AddQueuedCookiesToResponse.php(37): Illuminate/Pipeline/Pipeline->Illuminate/Pipeline/{closure}()
#17 C:/Users/jhonj/Downloads/chat-bot/vendor/laravel/framework/src/Illuminate/Pipeline/Pipeline.php(183): Illuminate/Cookie/Middleware/AddQueuedCookiesToResponse->handle()
#18 C:/Users/jhonj/Downloads/chat-bot/vendor/laravel/framework/src/Illuminate/Cookie/Middleware/EncryptCookies.php(67): Illuminate/Pipeline/Pipeline->Illuminate/Pipeline/{closure}()
#19 C:/Users/jhonj/Downloads/chat-bot/vendor/laravel/framework/src/Illuminate/Pipeline/Pipeline.php(183): Illuminate/Cookie/Middleware/EncryptCookies->handle()
#20 C:/Users/jhonj/Downloads/chat-bot/vendor/laravel/framework/src/Illuminate/Pipeline/Pipeline.php(119): Illuminate/Pipeline/Pipeline->Illuminate/Pipeline/{closure}()
#21 C:/Users/jhonj/Downloads/chat-bot/vendor/laravel/framework/src/Illuminate/Routing/Router.php(805): Illuminate/Pipeline/Pipeline->then()
#22 C:/Users/jhonj/Downloads/chat-bot/vendor/laravel/framework/src/Illuminate/Routing/Router.php(784): Illuminate/Routing/Router->runRouteWithinStack()
#23 C:/Users/jhonj/Downloads/chat-bot/vendor/laravel/framework/src/Illuminate/Routing/Router.php(748): Illuminate/Routing/Router->runRoute()
#24 C:/Users/jhonj/Downloads/chat-bot/vendor/laravel/framework/src/Illuminate/Routing/Router.php(737): Illuminate/Routing/Router->dispatchToRoute()
#25 C:/Users/jhonj/Downloads/chat-bot/vendor/laravel/framework/src/Illuminate/Foundation/Http/Kernel.php(200): Illuminate/Routing/Router->dispatch()
#26 C:/Users/jhonj/Downloads/chat-bot/vendor/laravel/framework/src/Illuminate/Pipeline/Pipeline.php(144): Illuminate/Foundation/Http/Kernel->Illuminate/Foundation/Http/{closure}()
#27 C:/Users/jhonj/Downloads/chat-bot/vendor/laravel/framework/src/Illuminate/Foundation/Http/Middleware/TransformsRequest.php(21): Illuminate/Pipeline/Pipeline->Illuminate/Pipeline/{closure}()
#28 C:/Users/jhonj/Downloads/chat-bot/vendor/laravel/framework/src/Illuminate/Foundation/Http/Middleware/ConvertEmptyStringsToNull.php(31): Illuminate/Foundation/Http/Middleware/TransformsRequest->handle()
#29 C:/Users/jhonj/Downloads/chat-bot/vendor/laravel/framework/src/Illuminate/Pipeline/Pipeline.php(183): Illuminate/Foundation/Http/Middleware/ConvertEmptyStringsToNull->handle()
#30 C:/Users/jhonj/Downloads/chat-bot/vendor/laravel/framework/src/Illuminate/Foundation/Http/Middleware/TransformsRequest.php(21): Illuminate/Pipeline/Pipeline->Illuminate/Pipeline/{closure}()
#31 C:/Users/jhonj/Downloads/chat-bot/vendor/laravel/framework/src/Illuminate/Foundation/Http/Middleware/TrimStrings.php(40): Illuminate/Foundation/Http/Middleware/TransformsRequest->handle()
#32 C:/Users/jhonj/Downloads/chat-bot/vendor/laravel/framework/src/Illuminate/Pipeline/Pipeline.php(183): Illuminate/Foundation/Http/Middleware/TrimStrings->handle()
#33 C:/Users/jhonj/Downloads/chat-bot/vendor/laravel/framework/src/Illuminate/Foundation/Http/Middleware/ValidatePostSize.php(27): Illuminate/Pipeline/Pipeline->Illuminate/Pipeline/{closure}()
#34 C:/Users/jhonj/Downloads/chat-bot/vendor/laravel/framework/src/Illuminate/Pipeline/Pipeline.php(183): Illuminate/Foundation/Http/Middleware/ValidatePostSize->handle()
#35 C:/Users/jhonj/Downloads/chat-bot/vendor/laravel/framework/src/Illuminate/Foundation/Http/Middleware/PreventRequestsDuringMaintenance.php(99): Illuminate/Pipeline/Pipeline->Illuminate/Pipeline/{closure}()
#36 C:/Users/jhonj/Downloads/chat-bot/vendor/laravel/framework/src/Illuminate/Pipeline/Pipeline.php(183): Illuminate/Foundation/Http/Middleware/PreventRequestsDuringMaintenance->handle()
#37 C:/Users/jhonj/Downloads/chat-bot/vendor/laravel/framework/src/Illuminate/Http/Middleware/HandleCors.php(49): Illuminate/Pipeline/Pipeline->Illuminate/Pipeline/{closure}()
#38 C:/Users/jhonj/Downloads/chat-bot/vendor/laravel/framework/src/Illuminate/Pipeline/Pipeline.php(183): Illuminate/Http/Middleware/HandleCors->handle()
#39 C:/Users/jhonj/Downloads/chat-bot/vendor/laravel/framework/src/Illuminate/Http/Middleware/TrustProxies.php(39): Illuminate/Pipeline/Pipeline->Illuminate/Pipeline/{closure}()
#40 C:/Users/jhonj/Downloads/chat-bot/vendor/laravel/framework/src/Illuminate/Pipeline/Pipeline.php(183): Illuminate/Http/Middleware/TrustProxies->handle()
#41 C:/Users/jhonj/Downloads/chat-bot/vendor/laravel/framework/src/Illuminate/Pipeline/Pipeline.php(119): Illuminate/Pipeline/Pipeline->Illuminate/Pipeline/{closure}()
#42 C:/Users/jhonj/Downloads/chat-bot/vendor/laravel/framework/src/Illuminate/Foundation/Http/Kernel.php(175): Illuminate/Pipeline/Pipeline->then()
#43 C:/Users/jhonj/Downloads/chat-bot/vendor/laravel/framework/src/Illuminate/Foundation/Http/Kernel.php(144): Illuminate/Foundation/Http/Kernel->sendRequestThroughRouter()
#44 C:/Users/jhonj/Downloads/chat-bot/public/index.php(51): Illuminate/Foundation/Http/Kernel->handle()
#45 C:/Users/jhonj/Downloads/chat-bot/vendor/laravel/framework/src/Illuminate/Foundation/resources/server.php(16): require_once('...')
#46 {main}
"} 
[2026-01-30 20:14:10] laravel.ERROR: View [welcome] not found. {"exception":"[object] (InvalidArgumentException(code: 0): View [welcome] not found. at C:/Users/jhonj/Downloads/chat-bot/vendor/laravel/framework/src/Illuminate/View/FileViewFinder.php:137)
[stacktrace]
#0 C:/Users/jhonj/Downloads/chat-bot/vendor/laravel/framework/src/Illuminate/View/FileViewFinder.php(79): Illuminate/View/FileViewFinder->findInPaths()
#1 C:/Users/jhonj/Downloads/chat-bot/vendor/laravel/framework/src/Illuminate/View/Factory.php(137): Illuminate/View/FileViewFinder->find()
#2 C:/Users/jhonj/Downloads/chat-bot/vendor/laravel/framework/src/Illuminate/Foundation/helpers.php(1020): Illuminate/View/Factory->make()
#3 C:/Users/jhonj/Downloads/chat-bot/routes/web.php(17): view()
#4 C:/Users/jhonj/Downloads/chat-bot/vendor/laravel/framework/src/Illuminate/Routing/CallableDispatcher.php(40): Illuminate/Routing/RouteFileRegistrar->{closure}()
#5 C:/Users/jhonj/Downloads/chat-bot/vendor/laravel/framework/src/Illuminate/Routing/Route.php(237): Illuminate/Routing/CallableDispatcher->dispatch()
#6 C:/Users/jhonj/Downloads/chat-bot/vendor/laravel/framework/src/Illuminate/Routing/Route.php(208): Illuminate/Routing/Route->runCallable()
#7 C:/Users/jhonj/Downloads/chat-bot/vendor/laravel/framework/src/Illuminate/Routing/Router.php(806): Illuminate/Routing/Route->run()
#8 C:/Users/jhonj/Downloads/chat-bot/vendor/laravel/framework/src/Illuminate/Pipeline/Pipeline.php(144): Illuminate/Routing/Router->Illuminate/Routing/{closure}()
#9 C:/Users/jhonj/Downloads/chat-bot/vendor/laravel/framework/src/Illuminate/Routing/Middleware/SubstituteBindings.php(50): Illuminate/Pipeline/Pipeline->Illuminate/Pipeline/{closure}()
#10 C:/Users/jhonj/Downloads/chat-bot/vendor/laravel/framework/src/Illuminate/Pipeline/Pipeline.php(183): Illuminate/Routing/Middleware/SubstituteBindings->handle()
#11 C:/Users/jhonj/Downloads/chat-bot/vendor/laravel/framework/src/Illuminate/Foundation/Http/Middleware/VerifyCsrfToken.php(78): Illuminate/Pipeline/Pipeline->Illuminate/Pipeline/{closure}()
#12 C:/Users/jhonj/Downloads/chat-bot/vendor/laravel/framework/src/Illuminate/Pipeline/Pipeline.php(183): Illuminate/Foundation/Http/Middleware/VerifyCsrfToken->handle()
#13 C:/Users/jhonj/Downloads/chat-bot/vendor/laravel/framework/src/Illuminate/View/Middleware/ShareErrorsFromSession.php(49): Illuminate/Pipeline/Pipeline->Illuminate/Pipeline/{closure}()
#14 C:/Users/jhonj/Downloads/chat-bot/vendor/laravel/framework/src/Illuminate/Pipeline/Pipeline.php(183): Illuminate/View/Middleware/ShareErrorsFromSession->handle()
#15 C:/Users/jhonj/Downloads/chat-bot/vendor/laravel/framework/src/Illuminate/Session/Middleware/StartSession.php(121): Illuminate/Pipeline/Pipeline->Illuminate/Pipeline/{closure}()
#16 C:/Users/jhonj/Downloads/chat-bot/vendor/laravel/framework/src/Illuminate/Session/Middleware/StartSession.php(64): Illuminate/Session/Middleware/StartSession->handleStatefulRequest()
#17 C:/Users/jhonj/Downloads/chat-bot/vendor/laravel/framework/src/Illuminate/Pipeline/Pipeline.php(183): Illuminate/Session/Middleware/StartSession->handle()
#18 C:/Users/jhonj/Downloads/chat-bot/vendor/laravel/framework/src/Illuminate/Cookie/Middleware/AddQueuedCookiesToResponse.php(37): Illuminate/Pipeline/Pipeline->Illuminate/Pipeline/{closure}()
#19 C:/Users/jhonj/Downloads/chat-bot/vendor/laravel/framework/src/Illuminate/Pipeline/Pipeline.php(183): Illuminate/Cookie/Middleware/AddQueuedCookiesToResponse->handle()
#20 C:/Users/jhonj/Downloads/chat-bot/vendor/laravel/framework/src/Illuminate/Cookie/Middleware/EncryptCookies.php(67): Illuminate/Pipeline/Pipeline->Illuminate/Pipeline/{closure}()
#21 C:/Users/jhonj/Downloads/chat-bot/vendor/laravel/framework/src/Illuminate/Pipeline/Pipeline.php(183): Illuminate/Cookie/Middleware/EncryptCookies->handle()
#22 C:/Users/jhonj/Downloads/chat-bot/vendor/laravel/framework/src/Illuminate/Pipeline/Pipeline.php(119): Illuminate/Pipeline/Pipeline->Illuminate/Pipeline/{closure}()
#23 C:/Users/jhonj/Downloads/chat-bot/vendor/laravel/framework/src/Illuminate/Routing/Router.php(805): Illuminate/Pipeline/Pipeline->then()
#24 C:/Users/jhonj/Downloads/chat-bot/vendor/laravel/framework/src/Illuminate/Routing/Router.php(784): Illuminate/Routing/Router->runRouteWithinStack()
#25 C:/Users/jhonj/Downloads/chat-bot/vendor/laravel/framework/src/Illuminate/Routing/Router.php(748): Illuminate/Routing/Router->runRoute()
#26 C:/Users/jhonj/Downloads/chat-bot/vendor/laravel/framework/src/Illuminate/Routing/Router.php(737): Illuminate/Routing/Router->dispatchToRoute()
#27 C:/Users/jhonj/Downloads/chat-bot/vendor/laravel/framework/src/Illuminate/Foundation/Http/Kernel.php(200): Illuminate/Routing/Router->dispatch()
#28 C:/Users/jhonj/Downloads/chat-bot/vendor/laravel/framework/src/Illuminate/Pipeline/Pipeline.php(144): Illuminate/Foundation/Http/Kernel->Illuminate/Foundation/Http/{closure}()
#29 C:/Users/jhonj/Downloads/chat-bot/vendor/laravel/framework/src/Illuminate/Foundation/Http/Middleware/TransformsRequest.php(21): Illuminate/Pipeline/Pipeline->Illuminate/Pipeline/{closure}()
#30 C:/Users/jhonj/Downloads/chat-bot/vendor/laravel/framework/src/Illuminate/Foundation/Http/Middleware/ConvertEmptyStringsToNull.php(31): Illuminate/Foundation/Http/Middleware/TransformsRequest->handle()
#31 C:/Users/jhonj/Downloads/chat-bot/vendor/laravel/framework/src/Illuminate/Pipeline/Pipeline.php(183): Illuminate/Foundation/Http/Middleware/ConvertEmptyStringsToNull->handle()
#32 C:/Users/jhonj/Downloads/chat-bot/vendor/laravel/framework/src/Illuminate/Foundation/Http/Middleware/TransformsRequest.php(21): Illuminate/Pipeline/Pipeline->Illuminate/Pipeline/{closure}()
#33 C:/Users/jhonj/Downloads/chat-bot/vendor/laravel/framework/src/Illuminate/Foundation/Http/Middleware/TrimStrings.php(40): Illuminate/Foundation/Http/Middleware/TransformsRequest->handle()
#34 C:/Users/jhonj/Downloads/chat-bot/vendor/laravel/framework/src/Illuminate/Pipeline/Pipeline.php(183): Illuminate/Foundation/Http/Middleware/TrimStrings->handle()
#35 C:/Users/jhonj/Downloads/chat-bot/vendor/laravel/framework/src/Illuminate/Foundation/Http/Middleware/ValidatePostSize.php(27): Illuminate/Pipeline/Pipeline->Illuminate/Pipeline/{closure}()
#36 C:/Users/jhonj/Downloads/chat-bot/vendor/laravel/framework/src/Illuminate/Pipeline/Pipeline.php(183): Illuminate/Foundation/Http/Middleware/ValidatePostSize->handle()
#37 C:/Users/jhonj/Downloads/chat-bot/vendor/laravel/framework/src/Illuminate/Foundation/Http/Middleware/PreventRequestsDuringMaintenance.php(99): Illuminate/Pipeline/Pipeline->Illuminate/Pipeline/{closure}()
#38 C:/Users/jhonj/Downloads/chat-bot/vendor/laravel/framework/src/Illuminate/Pipeline/Pipeline.php(183): Illuminate/Foundation/Http/Middleware/PreventRequestsDuringMaintenance->handle()
#39 C:/Users/jhonj/Downloads/chat-bot/vendor/laravel/framework/src/Illuminate/Http/Middleware/HandleCors.php(49): Illuminate/Pipeline/Pipeline->Illuminate/Pipeline/{closure}()
#40 C:/Users/jhonj/Downloads/chat-bot/vendor/laravel/framework/src/Illuminate/Pipeline/Pipeline.php(183): Illuminate/Http/Middleware/HandleCors->handle()
#41 C:/Users/jhonj/Downloads/chat-bot/vendor/laravel/framework/src/Illuminate/Http/Middleware/TrustProxies.php(39): Illuminate/Pipeline/Pipeline->Illuminate/Pipeline/{closure}()
#42 C:/Users/jhonj/Downloads/chat-bot/vendor/laravel/framework/src/Illuminate/Pipeline/Pipeline.php(183): Illuminate/Http/Middleware/TrustProxies->handle()
#43 C:/Users/jhonj/Downloads/chat-bot/vendor/laravel/framework/src/Illuminate/Pipeline/Pipeline.php(119): Illuminate/Pipeline/Pipeline->Illuminate/Pipeline/{closure}()
#44 C:/Users/jhonj/Downloads/chat-bot/vendor/laravel/framework/src/Illuminate/Foundation/Http/Kernel.php(175): Illuminate/Pipeline/Pipeline->then()
#45 C:/Users/jhonj/Downloads/chat-bot/vendor/laravel/framework/src/Illuminate/Foundation/Http/Kernel.php(144): Illuminate/Foundation/Http/Kernel->sendRequestThroughRouter()
#46 C:/Users/jhonj/Downloads/chat-bot/public/index.php(51): Illuminate/Foundation/Http/Kernel->handle()
#47 C:/Users/jhonj/Downloads/chat-bot/vendor/laravel/framework/src/Illuminate/Foundation/resources/server.php(16): require_once('...')
#48 {main}
"} 
[2026-01-30 20:14:11] laravel.EMERGENCY: Unable to create configured logger. Using emergency logger. {"exception":"[object] (InvalidArgumentException(code: 0): Log [] is not defined. at C:/Users/jhonj/Downloads/chat-bot/vendor/laravel/framework/src/Illuminate/Log/LogManager.php:212)
[stacktrace]
#0 C:/Users/jhonj/Downloads/chat-bot/vendor/laravel/framework/src/Illuminate/Log/LogManager.php(137): Illuminate/Log/LogManager->resolve()
#1 C:/Users/jhonj/Downloads/chat-bot/vendor/laravel/framework/src/Illuminate/Log/LogManager.php(124): Illuminate/Log/LogManager->get()
#2 C:/Users/jhonj/Downloads/chat-bot/vendor/laravel/framework/src/Illuminate/Log/LogManager.php(681): Illuminate/Log/LogManager->driver()
#3 C:/Users/jhonj/Downloads/chat-bot/vendor/laravel/framework/src/Illuminate/Foundation/Exceptions/Handler.php(317): Illuminate/Log/LogManager->error()
#4 C:/Users/jhonj/Downloads/chat-bot/vendor/laravel/framework/src/Illuminate/Foundation/Exceptions/Handler.php(278): Illuminate/Foundation/Exceptions/Handler->reportThrowable()
#5 C:/Users/jhonj/Downloads/chat-bot/vendor/laravel/framework/src/Illuminate/Routing/Pipeline.php(49): Illuminate/Foundation/Exceptions/Handler->report()
#6 C:/Users/jhonj/Downloads/chat-bot/vendor/laravel/framework/src/Illuminate/Pipeline/Pipeline.php(146): Illuminate/Routing/Pipeline->handleException()
#7 C:/Users/jhonj/Downloads/chat-bot/vendor/laravel/framework/src/Illuminate/Routing/Middleware/SubstituteBindings.php(50): Illuminate/Pipeline/Pipeline->Illuminate/Pipeline/{closure}()
#8 C:/Users/jhonj/Downloads/chat-bot/vendor/laravel/framework/src/Illuminate/Pipeline/Pipeline.php(183): Illuminate/Routing/Middleware/SubstituteBindings->handle()
#9 C:/Users/jhonj/Downloads/chat-bot/vendor/laravel/framework/src/Illuminate/Foundation/Http/Middleware/VerifyCsrfToken.php(78): Illuminate/Pipeline/Pipeline->Illuminate/Pipeline/{closure}()
#10 C:/Users/jhonj/Downloads/chat-bot/vendor/laravel/framework/src/Illuminate/Pipeline/Pipeline.php(183): Illuminate/Foundation/Http/Middleware/VerifyCsrfToken->handle()
#11 C:/Users/jhonj/Downloads/chat-bot/vendor/laravel/framework/src/Illuminate/View/Middleware/ShareErrorsFromSession.php(49): Illuminate/Pipeline/Pipeline->Illuminate/Pipeline/{closure}()
#12 C:/Users/jhonj/Downloads/chat-bot/vendor/laravel/framework/src/Illuminate/Pipeline/Pipeline.php(183): Illuminate/View/Middleware/ShareErrorsFromSession->handle()
#13 C:/Users/jhonj/Downloads/chat-bot/vendor/laravel/framework/src/Illuminate/Session/Middleware/StartSession.php(121): Illuminate/Pipeline/Pipeline->Illuminate/Pipeline/{closure}()
#14 C:/Users/jhonj/Downloads/chat-bot/vendor/laravel/framework/src/Illuminate/Session/Middleware/StartSession.php(64): Illuminate/Session/Middleware/StartSession->handleStatefulRequest()
#15 C:/Users/jhonj/Downloads/chat-bot/vendor/laravel/framework/src/Illuminate/Pipeline/Pipeline.php(183): Illuminate/Session/Middleware/StartSession->handle()
#16 C:/Users/jhonj/Downloads/chat-bot/vendor/laravel/framework/src/Illuminate/Cookie/Middleware/AddQueuedCookiesToResponse.php(37): Illuminate/Pipeline/Pipeline->Illuminate/Pipeline/{closure}()
#17 C:/Users/jhonj/Downloads/chat-bot/vendor/laravel/framework/src/Illuminate/Pipeline/Pipeline.php(183): Illuminate/Cookie/Middleware/AddQueuedCookiesToResponse->handle()
#18 C:/Users/jhonj/Downloads/chat-bot/vendor/laravel/framework/src/Illuminate/Cookie/Middleware/EncryptCookies.php(67): Illuminate/Pipeline/Pipeline->Illuminate/Pipeline/{closure}()
#19 C:/Users/jhonj/Downloads/chat-bot/vendor/laravel/framework/src/Illuminate/Pipeline/Pipeline.php(183): Illuminate/Cookie/Middleware/EncryptCookies->handle()
#20 C:/Users/jhonj/Downloads/chat-bot/vendor/laravel/framework/src/Illuminate/Pipeline/Pipeline.php(119): Illuminate/Pipeline/Pipeline->Illuminate/Pipeline/{closure}()
#21 C:/Users/jhonj/Downloads/chat-bot/vendor/laravel/framework/src/Illuminate/Routing/Router.php(805): Illuminate/Pipeline/Pipeline->then()
#22 C:/Users/jhonj/Downloads/chat-bot/vendor/laravel/framework/src/Illuminate/Routing/Router.php(784): Illuminate/Routing/Router->runRouteWithinStack()
#23 C:/Users/jhonj/Downloads/chat-bot/vendor/laravel/framework/src/Illuminate/Routing/Router.php(748): Illuminate/Routing/Router->runRoute()
#24 C:/Users/jhonj/Downloads/chat-bot/vendor/laravel/framework/src/Illuminate/Routing/Router.php(737): Illuminate/Routing/Router->dispatchToRoute()
#25 C:/Users/jhonj/Downloads/chat-bot/vendor/laravel/framework/src/Illuminate/Foundation/Http/Kernel.php(200): Illuminate/Routing/Router->dispatch()
#26 C:/Users/jhonj/Downloads/chat-bot/vendor/laravel/framework/src/Illuminate/Pipeline/Pipeline.php(144): Illuminate/Foundation/Http/Kernel->Illuminate/Foundation/Http/{closure}()
#27 C:/Users/jhonj/Downloads/chat-bot/vendor/laravel/framework/src/Illuminate/Foundation/Http/Middleware/TransformsRequest.php(21): Illuminate/Pipeline/Pipeline->Illuminate/Pipeline/{closure}()
#28 C:/Users/jhonj/Downloads/chat-bot/vendor/laravel/framework/src/Illuminate/Foundation/Http/Middleware/ConvertEmptyStringsToNull.php(31): Illuminate/Foundation/Http/Middleware/TransformsRequest->handle()
#29 C:/Users/jhonj/Downloads/chat-bot/vendor/laravel/framework/src/Illuminate/Pipeline/Pipeline.php(183): Illuminate/Foundation/Http/Middleware/ConvertEmptyStringsToNull->handle()
#30 C:/Users/jhonj/Downloads/chat-bot/vendor/laravel/framework/src/Illuminate/Foundation/Http/Middleware/TransformsRequest.php(21): Illuminate/Pipeline/Pipeline->Illuminate/Pipeline/{closure}()
#31 C:/Users/jhonj/Downloads/chat-bot/vendor/laravel/framework/src/Illuminate/Foundation/Http/Middleware/TrimStrings.php(40): Illuminate/Foundation/Http/Middleware/TransformsRequest->handle()
#32 C:/Users/jhonj/Downloads/chat-bot/vendor/laravel/framework/src/Illuminate/Pipeline/Pipeline.php(183): Illuminate/Foundation/Http/Middleware/TrimStrings->handle()
#33 C:/Users/jhonj/Downloads/chat-bot/vendor/laravel/framework/src/Illuminate/Foundation/Http/Middleware/ValidatePostSize.php(27): Illuminate/Pipeline/Pipeline->Illuminate/Pipeline/{closure}()
#34 C:/Users/jhonj/Downloads/chat-bot/vendor/laravel/framework/src/Illuminate/Pipeline/Pipeline.php(183): Illuminate/Foundation/Http/Middleware/ValidatePostSize->handle()
#35 C:/Users/jhonj/Downloads/chat-bot/vendor/laravel/framework/src/Illuminate/Foundation/Http/Middleware/PreventRequestsDuringMaintenance.php(99): Illuminate/Pipeline/Pipeline->Illuminate/Pipeline/{closure}()
#36 C:/Users/jhonj/Downloads/chat-bot/vendor/laravel/framework/src/Illuminate/Pipeline/Pipeline.php(183): Illuminate/Foundation/Http/Middleware/PreventRequestsDuringMaintenance->handle()
#37 C:/Users/jhonj/Downloads/chat-bot/vendor/laravel/framework/src/Illuminate/Http/Middleware/HandleCors.php(49): Illuminate/Pipeline/Pipeline->Illuminate/Pipeline/{closure}()
#38 C:/Users/jhonj/Downloads/chat-bot/vendor/laravel/framework/src/Illuminate/Pipeline/Pipeline.php(183): Illuminate/Http/Middleware/HandleCors->handle()
#39 C:/Users/jhonj/Downloads/chat-bot/vendor/laravel/framework/src/Illuminate/Http/Middleware/TrustProxies.php(39): Illuminate/Pipeline/Pipeline->Illuminate/Pipeline/{closure}()
#40 C:/Users/jhonj/Downloads/chat-bot/vendor/laravel/framework/src/Illuminate/Pipeline/Pipeline.php(183): Illuminate/Http/Middleware/TrustProxies->handle()
#41 C:/Users/jhonj/Downloads/chat-bot/vendor/laravel/framework/src/Illuminate/Pipeline/Pipeline.php(119): Illuminate/Pipeline/Pipeline->Illuminate/Pipeline/{closure}()
#42 C:/Users/jhonj/Downloads/chat-bot/vendor/laravel/framework/src/Illuminate/Foundation/Http/Kernel.php(175): Illuminate/Pipeline/Pipeline->then()
#43 C:/Users/jhonj/Downloads/chat-bot/vendor/laravel/framework/src/Illuminate/Foundation/Http/Kernel.php(144): Illuminate/Foundation/Http/Kernel->sendRequestThroughRouter()
#44 C:/Users/jhonj/Downloads/chat-bot/public/index.php(51): Illuminate/Foundation/Http/Kernel->handle()
#45 C:/Users/jhonj/Downloads/chat-bot/vendor/laravel/framework/src/Illuminate/Foundation/resources/server.php(16): require_once('...')
#46 {main}
"} 
[2026-01-30 20:14:11] laravel.ERROR: View [welcome] not found. {"exception":"[object] (InvalidArgumentException(code: 0): View [welcome] not found. at C:/Users/jhonj/Downloads/chat-bot/vendor/laravel/framework/src/Illuminate/View/FileViewFinder.php:137)
[stacktrace]
#0 C:/Users/jhonj/Downloads/chat-bot/vendor/laravel/framework/src/Illuminate/View/FileViewFinder.php(79): Illuminate/View/FileViewFinder->findInPaths()
#1 C:/Users/jhonj/Downloads/chat-bot/vendor/laravel/framework/src/Illuminate/View/Factory.php(137): Illuminate/View/FileViewFinder->find()
#2 C:/Users/jhonj/Downloads/chat-bot/vendor/laravel/framework/src/Illuminate/Foundation/helpers.php(1020): Illuminate/View/Factory->make()
#3 C:/Users/jhonj/Downloads/chat-bot/routes/web.php(17): view()
#4 C:/Users/jhonj/Downloads/chat-bot/vendor/laravel/framework/src/Illuminate/Routing/CallableDispatcher.php(40): Illuminate/Routing/RouteFileRegistrar->{closure}()
#5 C:/Users/jhonj/Downloads/chat-bot/vendor/laravel/framework/src/Illuminate/Routing/Route.php(237): Illuminate/Routing/CallableDispatcher->dispatch()
#6 C:/Users/jhonj/Downloads/chat-bot/vendor/laravel/framework/src/Illuminate/Routing/Route.php(208): Illuminate/Routing/Route->runCallable()
#7 C:/Users/jhonj/Downloads/chat-bot/vendor/laravel/framework/src/Illuminate/Routing/Router.php(806): Illuminate/Routing/Route->run()
#8 C:/Users/jhonj/Downloads/chat-bot/vendor/laravel/framework/src/Illuminate/Pipeline/Pipeline.php(144): Illuminate/Routing/Router->Illuminate/Routing/{closure}()
#9 C:/Users/jhonj/Downloads/chat-bot/vendor/laravel/framework/src/Illuminate/Routing/Middleware/SubstituteBindings.php(50): Illuminate/Pipeline/Pipeline->Illuminate/Pipeline/{closure}()
#10 C:/Users/jhonj/Downloads/chat-bot/vendor/laravel/framework/src/Illuminate/Pipeline/Pipeline.php(183): Illuminate/Routing/Middleware/SubstituteBindings->handle()
#11 C:/Users/jhonj/Downloads/chat-bot/vendor/laravel/framework/src/Illuminate/Foundation/Http/Middleware/VerifyCsrfToken.php(78): Illuminate/Pipeline/Pipeline->Illuminate/Pipeline/{closure}()
#12 C:/Users/jhonj/Downloads/chat-bot/vendor/laravel/framework/src/Illuminate/Pipeline/Pipeline.php(183): Illuminate/Foundation/Http/Middleware/VerifyCsrfToken->handle()
#13 C:/Users/jhonj/Downloads/chat-bot/vendor/laravel/framework/src/Illuminate/View/Middleware/ShareErrorsFromSession.php(49): Illuminate/Pipeline/Pipeline->Illuminate/Pipeline/{closure}()
#14 C:/Users/jhonj/Downloads/chat-bot/vendor/laravel/framework/src/Illuminate/Pipeline/Pipeline.php(183): Illuminate/View/Middleware/ShareErrorsFromSession->handle()
#15 C:/Users/jhonj/Downloads/chat-bot/vendor/laravel/framework/src/Illuminate/Session/Middleware/StartSession.php(121): Illuminate/Pipeline/Pipeline->Illuminate/Pipeline/{closure}()
#16 C:/Users/jhonj/Downloads/chat-bot/vendor/laravel/framework/src/Illuminate/Session/Middleware/StartSession.php(64): Illuminate/Session/Middleware/StartSession->handleStatefulRequest()
#17 C:/Users/jhonj/Downloads/chat-bot/vendor/laravel/framework/src/Illuminate/Pipeline/Pipeline.php(183): Illuminate/Session/Middleware/StartSession->handle()
#18 C:/Users/jhonj/Downloads/chat-bot/vendor/laravel/framework/src/Illuminate/Cookie/Middleware/AddQueuedCookiesToResponse.php(37): Illuminate/Pipeline/Pipeline->Illuminate/Pipeline/{closure}()
#19 C:/Users/jhonj/Downloads/chat-bot/vendor/laravel/framework/src/Illuminate/Pipeline/Pipeline.php(183): Illuminate/Cookie/Middleware/AddQueuedCookiesToResponse->handle()
#20 C:/Users/jhonj/Downloads/chat-bot/vendor/laravel/framework/src/Illuminate/Cookie/Middleware/EncryptCookies.php(67): Illuminate/Pipeline/Pipeline->Illuminate/Pipeline/{closure}()
#21 C:/Users/jhonj/Downloads/chat-bot/vendor/laravel/framework/src/Illuminate/Pipeline/Pipeline.php(183): Illuminate/Cookie/Middleware/EncryptCookies->handle()
#22 C:/Users/jhonj/Downloads/chat-bot/vendor/laravel/framework/src/Illuminate/Pipeline/Pipeline.php(119): Illuminate/Pipeline/Pipeline->Illuminate/Pipeline/{closure}()
#23 C:/Users/jhonj/Downloads/chat-bot/vendor/laravel/framework/src/Illuminate/Routing/Router.php(805): Illuminate/Pipeline/Pipeline->then()
#24 C:/Users/jhonj/Downloads/chat-bot/vendor/laravel/framework/src/Illuminate/Routing/Router.php(784): Illuminate/Routing/Router->runRouteWithinStack()
#25 C:/Users/jhonj/Downloads/chat-bot/vendor/laravel/framework/src/Illuminate/Routing/Router.php(748): Illuminate/Routing/Router->runRoute()
#26 C:/Users/jhonj/Downloads/chat-bot/vendor/laravel/framework/src/Illuminate/Routing/Router.php(737): Illuminate/Routing/Router->dispatchToRoute()
#27 C:/Users/jhonj/Downloads/chat-bot/vendor/laravel/framework/src/Illuminate/Foundation/Http/Kernel.php(200): Illuminate/Routing/Router->dispatch()
#28 C:/Users/jhonj/Downloads/chat-bot/vendor/laravel/framework/src/Illuminate/Pipeline/Pipeline.php(144): Illuminate/Foundation/Http/Kernel->Illuminate/Foundation/Http/{closure}()
#29 C:/Users/jhonj/Downloads/chat-bot/vendor/laravel/framework/src/Illuminate/Foundation/Http/Middleware/TransformsRequest.php(21): Illuminate/Pipeline/Pipeline->Illuminate/Pipeline/{closure}()
#30 C:/Users/jhonj/Downloads/chat-bot/vendor/laravel/framework/src/Illuminate/Foundation/Http/Middleware/ConvertEmptyStringsToNull.php(31): Illuminate/Foundation/Http/Middleware/TransformsRequest->handle()
#31 C:/Users/jhonj/Downloads/chat-bot/vendor/laravel/framework/src/Illuminate/Pipeline/Pipeline.php(183): Illuminate/Foundation/Http/Middleware/ConvertEmptyStringsToNull->handle()
#32 C:/Users/jhonj/Downloads/chat-bot/vendor/laravel/framework/src/Illuminate/Foundation/Http/Middleware/TransformsRequest.php(21): Illuminate/Pipeline/Pipeline->Illuminate/Pipeline/{closure}()
#33 C:/Users/jhonj/Downloads/chat-bot/vendor/laravel/framework/src/Illuminate/Foundation/Http/Middleware/TrimStrings.php(40): Illuminate/Foundation/Http/Middleware/TransformsRequest->handle()
#34 C:/Users/jhonj/Downloads/chat-bot/vendor/laravel/framework/src/Illuminate/Pipeline/Pipeline.php(183): Illuminate/Foundation/Http/Middleware/TrimStrings->handle()
#35 C:/Users/jhonj/Downloads/chat-bot/vendor/laravel/framework/src/Illuminate/Foundation/Http/Middleware/ValidatePostSize.php(27): Illuminate/Pipeline/Pipeline->Illuminate/Pipeline/{closure}()
#36 C:/Users/jhonj/Downloads/chat-bot/vendor/laravel/framework/src/Illuminate/Pipeline/Pipeline.php(183): Illuminate/Foundation/Http/Middleware/ValidatePostSize->handle()
#37 C:/Users/jhonj/Downloads/chat-bot/vendor/laravel/framework/src/Illuminate/Foundation/Http/Middleware/PreventRequestsDuringMaintenance.php(99): Illuminate/Pipeline/Pipeline->Illuminate/Pipeline/{closure}()
#38 C:/Users/jhonj/Downloads/chat-bot/vendor/laravel/framework/src/Illuminate/Pipeline/Pipeline.php(183): Illuminate/Foundation/Http/Middleware/PreventRequestsDuringMaintenance->handle()
#39 C:/Users/jhonj/Downloads/chat-bot/vendor/laravel/framework/src/Illuminate/Http/Middleware/HandleCors.php(49): Illuminate/Pipeline/Pipeline->Illuminate/Pipeline/{closure}()
#40 C:/Users/jhonj/Downloads/chat-bot/vendor/laravel/framework/src/Illuminate/Pipeline/Pipeline.php(183): Illuminate/Http/Middleware/HandleCors->handle()
#41 C:/Users/jhonj/Downloads/chat-bot/vendor/laravel/framework/src/Illuminate/Http/Middleware/TrustProxies.php(39): Illuminate/Pipeline/Pipeline->Illuminate/Pipeline/{closure}()
#42 C:/Users/jhonj/Downloads/chat-bot/vendor/laravel/framework/src/Illuminate/Pipeline/Pipeline.php(183): Illuminate/Http/Middleware/TrustProxies->handle()
#43 C:/Users/jhonj/Downloads/chat-bot/vendor/laravel/framework/src/Illuminate/Pipeline/Pipeline.php(119): Illuminate/Pipeline/Pipeline->Illuminate/Pipeline/{closure}()
#44 C:/Users/jhonj/Downloads/chat-bot/vendor/laravel/framework/src/Illuminate/Foundation/Http/Kernel.php(175): Illuminate/Pipeline/Pipeline->then()
#45 C:/Users/jhonj/Downloads/chat-bot/vendor/laravel/framework/src/Illuminate/Foundation/Http/Kernel.php(144): Illuminate/Foundation/Http/Kernel->sendRequestThroughRouter()
#46 C:/Users/jhonj/Downloads/chat-bot/public/index.php(51): Illuminate/Foundation/Http/Kernel->handle()
#47 C:/Users/jhonj/Downloads/chat-bot/vendor/laravel/framework/src/Illuminate/Foundation/resources/server.php(16): require_once('...')
#48 {main}
"} 
[2026-01-30 20:14:21] laravel.EMERGENCY: Unable to create configured logger. Using emergency logger. {"exception":"[object] (InvalidArgumentException(code: 0): Log [] is not defined. at C:/Users/jhonj/Downloads/chat-bot/vendor/laravel/framework/src/Illuminate/Log/LogManager.php:212)
[stacktrace]
#0 C:/Users/jhonj/Downloads/chat-bot/vendor/laravel/framework/src/Illuminate/Log/LogManager.php(137): Illuminate/Log/LogManager->resolve()
#1 C:/Users/jhonj/Downloads/chat-bot/vendor/laravel/framework/src/Illuminate/Log/LogManager.php(124): Illuminate/Log/LogManager->get()
#2 C:/Users/jhonj/Downloads/chat-bot/vendor/laravel/framework/src/Illuminate/Log/LogManager.php(681): Illuminate/Log/LogManager->driver()
#3 C:/Users/jhonj/Downloads/chat-bot/vendor/laravel/framework/src/Illuminate/Foundation/Exceptions/Handler.php(317): Illuminate/Log/LogManager->error()
#4 C:/Users/jhonj/Downloads/chat-bot/vendor/laravel/framework/src/Illuminate/Foundation/Exceptions/Handler.php(278): Illuminate/Foundation/Exceptions/Handler->reportThrowable()
#5 C:/Users/jhonj/Downloads/chat-bot/vendor/laravel/framework/src/Illuminate/Routing/Pipeline.php(49): Illuminate/Foundation/Exceptions/Handler->report()
#6 C:/Users/jhonj/Downloads/chat-bot/vendor/laravel/framework/src/Illuminate/Pipeline/Pipeline.php(146): Illuminate/Routing/Pipeline->handleException()
#7 C:/Users/jhonj/Downloads/chat-bot/vendor/laravel/framework/src/Illuminate/Routing/Middleware/SubstituteBindings.php(50): Illuminate/Pipeline/Pipeline->Illuminate/Pipeline/{closure}()
#8 C:/Users/jhonj/Downloads/chat-bot/vendor/laravel/framework/src/Illuminate/Pipeline/Pipeline.php(183): Illuminate/Routing/Middleware/SubstituteBindings->handle()
#9 C:/Users/jhonj/Downloads/chat-bot/vendor/laravel/framework/src/Illuminate/Foundation/Http/Middleware/VerifyCsrfToken.php(78): Illuminate/Pipeline/Pipeline->Illuminate/Pipeline/{closure}()
#10 C:/Users/jhonj/Downloads/chat-bot/vendor/laravel/framework/src/Illuminate/Pipeline/Pipeline.php(183): Illuminate/Foundation/Http/Middleware/VerifyCsrfToken->handle()
#11 C:/Users/jhonj/Downloads/chat-bot/vendor/laravel/framework/src/Illuminate/View/Middleware/ShareErrorsFromSession.php(49): Illuminate/Pipeline/Pipeline->Illuminate/Pipeline/{closure}()
#12 C:/Users/jhonj/Downloads/chat-bot/vendor/laravel/framework/src/Illuminate/Pipeline/Pipeline.php(183): Illuminate/View/Middleware/ShareErrorsFromSession->handle()
#13 C:/Users/jhonj/Downloads/chat-bot/vendor/laravel/framework/src/Illuminate/Session/Middleware/StartSession.php(121): Illuminate/Pipeline/Pipeline->Illuminate/Pipeline/{closure}()
#14 C:/Users/jhonj/Downloads/chat-bot/vendor/laravel/framework/src/Illuminate/Session/Middleware/StartSession.php(64): Illuminate/Session/Middleware/StartSession->handleStatefulRequest()
#15 C:/Users/jhonj/Downloads/chat-bot/vendor/laravel/framework/src/Illuminate/Pipeline/Pipeline.php(183): Illuminate/Session/Middleware/StartSession->handle()
#16 C:/Users/jhonj/Downloads/chat-bot/vendor/laravel/framework/src/Illuminate/Cookie/Middleware/AddQueuedCookiesToResponse.php(37): Illuminate/Pipeline/Pipeline->Illuminate/Pipeline/{closure}()
#17 C:/Users/jhonj/Downloads/chat-bot/vendor/laravel/framework/src/Illuminate/Pipeline/Pipeline.php(183): Illuminate/Cookie/Middleware/AddQueuedCookiesToResponse->handle()
#18 C:/Users/jhonj/Downloads/chat-bot/vendor/laravel/framework/src/Illuminate/Cookie/Middleware/EncryptCookies.php(67): Illuminate/Pipeline/Pipeline->Illuminate/Pipeline/{closure}()
#19 C:/Users/jhonj/Downloads/chat-bot/vendor/laravel/framework/src/Illuminate/Pipeline/Pipeline.php(183): Illuminate/Cookie/Middleware/EncryptCookies->handle()
#20 C:/Users/jhonj/Downloads/chat-bot/vendor/laravel/framework/src/Illuminate/Pipeline/Pipeline.php(119): Illuminate/Pipeline/Pipeline->Illuminate/Pipeline/{closure}()
#21 C:/Users/jhonj/Downloads/chat-bot/vendor/laravel/framework/src/Illuminate/Routing/Router.php(805): Illuminate/Pipeline/Pipeline->then()
#22 C:/Users/jhonj/Downloads/chat-bot/vendor/laravel/framework/src/Illuminate/Routing/Router.php(784): Illuminate/Routing/Router->runRouteWithinStack()
#23 C:/Users/jhonj/Downloads/chat-bot/vendor/laravel/framework/src/Illuminate/Routing/Router.php(748): Illuminate/Routing/Router->runRoute()
#24 C:/Users/jhonj/Downloads/chat-bot/vendor/laravel/framework/src/Illuminate/Routing/Router.php(737): Illuminate/Routing/Router->dispatchToRoute()
#25 C:/Users/jhonj/Downloads/chat-bot/vendor/laravel/framework/src/Illuminate/Foundation/Http/Kernel.php(200): Illuminate/Routing/Router->dispatch()
#26 C:/Users/jhonj/Downloads/chat-bot/vendor/laravel/framework/src/Illuminate/Pipeline/Pipeline.php(144): Illuminate/Foundation/Http/Kernel->Illuminate/Foundation/Http/{closure}()
#27 C:/Users/jhonj/Downloads/chat-bot/vendor/laravel/framework/src/Illuminate/Foundation/Http/Middleware/TransformsRequest.php(21): Illuminate/Pipeline/Pipeline->Illuminate/Pipeline/{closure}()
#28 C:/Users/jhonj/Downloads/chat-bot/vendor/laravel/framework/src/Illuminate/Foundation/Http/Middleware/ConvertEmptyStringsToNull.php(31): Illuminate/Foundation/Http/Middleware/TransformsRequest->handle()
#29 C:/Users/jhonj/Downloads/chat-bot/vendor/laravel/framework/src/Illuminate/Pipeline/Pipeline.php(183): Illuminate/Foundation/Http/Middleware/ConvertEmptyStringsToNull->handle()
#30 C:/Users/jhonj/Downloads/chat-bot/vendor/laravel/framework/src/Illuminate/Foundation/Http/Middleware/TransformsRequest.php(21): Illuminate/Pipeline/Pipeline->Illuminate/Pipeline/{closure}()
#31 C:/Users/jhonj/Downloads/chat-bot/vendor/laravel/framework/src/Illuminate/Foundation/Http/Middleware/TrimStrings.php(40): Illuminate/Foundation/Http/Middleware/TransformsRequest->handle()
#32 C:/Users/jhonj/Downloads/chat-bot/vendor/laravel/framework/src/Illuminate/Pipeline/Pipeline.php(183): Illuminate/Foundation/Http/Middleware/TrimStrings->handle()
#33 C:/Users/jhonj/Downloads/chat-bot/vendor/laravel/framework/src/Illuminate/Foundation/Http/Middleware/ValidatePostSize.php(27): Illuminate/Pipeline/Pipeline->Illuminate/Pipeline/{closure}()
#34 C:/Users/jhonj/Downloads/chat-bot/vendor/laravel/framework/src/Illuminate/Pipeline/Pipeline.php(183): Illuminate/Foundation/Http/Middleware/ValidatePostSize->handle()
#35 C:/Users/jhonj/Downloads/chat-bot/vendor/laravel/framework/src/Illuminate/Foundation/Http/Middleware/PreventRequestsDuringMaintenance.php(99): Illuminate/Pipeline/Pipeline->Illuminate/Pipeline/{closure}()
#36 C:/Users/jhonj/Downloads/chat-bot/vendor/laravel/framework/src/Illuminate/Pipeline/Pipeline.php(183): Illuminate/Foundation/Http/Middleware/PreventRequestsDuringMaintenance->handle()
#37 C:/Users/jhonj/Downloads/chat-bot/vendor/laravel/framework/src/Illuminate/Http/Middleware/HandleCors.php(49): Illuminate/Pipeline/Pipeline->Illuminate/Pipeline/{closure}()
#38 C:/Users/jhonj/Downloads/chat-bot/vendor/laravel/framework/src/Illuminate/Pipeline/Pipeline.php(183): Illuminate/Http/Middleware/HandleCors->handle()
#39 C:/Users/jhonj/Downloads/chat-bot/vendor/laravel/framework/src/Illuminate/Http/Middleware/TrustProxies.php(39): Illuminate/Pipeline/Pipeline->Illuminate/Pipeline/{closure}()
#40 C:/Users/jhonj/Downloads/chat-bot/vendor/laravel/framework/src/Illuminate/Pipeline/Pipeline.php(183): Illuminate/Http/Middleware/TrustProxies->handle()
#41 C:/Users/jhonj/Downloads/chat-bot/vendor/laravel/framework/src/Illuminate/Pipeline/Pipeline.php(119): Illuminate/Pipeline/Pipeline->Illuminate/Pipeline/{closure}()
#42 C:/Users/jhonj/Downloads/chat-bot/vendor/laravel/framework/src/Illuminate/Foundation/Http/Kernel.php(175): Illuminate/Pipeline/Pipeline->then()
#43 C:/Users/jhonj/Downloads/chat-bot/vendor/laravel/framework/src/Illuminate/Foundation/Http/Kernel.php(144): Illuminate/Foundation/Http/Kernel->sendRequestThroughRouter()
#44 C:/Users/jhonj/Downloads/chat-bot/public/index.php(51): Illuminate/Foundation/Http/Kernel->handle()
#45 C:/Users/jhonj/Downloads/chat-bot/vendor/laravel/framework/src/Illuminate/Foundation/resources/server.php(16): require_once('...')
#46 {main}
"} 
[2026-01-30 20:14:21] laravel.ERROR: View [welcome] not found. {"exception":"[object] (InvalidArgumentException(code: 0): View [welcome] not found. at C:/Users/jhonj/Downloads/chat-bot/vendor/laravel/framework/src/Illuminate/View/FileViewFinder.php:137)
[stacktrace]
#0 C:/Users/jhonj/Downloads/chat-bot/vendor/laravel/framework/src/Illuminate/View/FileViewFinder.php(79): Illuminate/View/FileViewFinder->findInPaths()
#1 C:/Users/jhonj/Downloads/chat-bot/vendor/laravel/framework/src/Illuminate/View/Factory.php(137): Illuminate/View/FileViewFinder->find()
#2 C:/Users/jhonj/Downloads/chat-bot/vendor/laravel/framework/src/Illuminate/Foundation/helpers.php(1020): Illuminate/View/Factory->make()
#3 C:/Users/jhonj/Downloads/chat-bot/routes/web.php(17): view()
#4 C:/Users/jhonj/Downloads/chat-bot/vendor/laravel/framework/src/Illuminate/Routing/CallableDispatcher.php(40): Illuminate/Routing/RouteFileRegistrar->{closure}()
#5 C:/Users/jhonj/Downloads/chat-bot/vendor/laravel/framework/src/Illuminate/Routing/Route.php(237): Illuminate/Routing/CallableDispatcher->dispatch()
#6 C:/Users/jhonj/Downloads/chat-bot/vendor/laravel/framework/src/Illuminate/Routing/Route.php(208): Illuminate/Routing/Route->runCallable()
#7 C:/Users/jhonj/Downloads/chat-bot/vendor/laravel/framework/src/Illuminate/Routing/Router.php(806): Illuminate/Routing/Route->run()
#8 C:/Users/jhonj/Downloads/chat-bot/vendor/laravel/framework/src/Illuminate/Pipeline/Pipeline.php(144): Illuminate/Routing/Router->Illuminate/Routing/{closure}()
#9 C:/Users/jhonj/Downloads/chat-bot/vendor/laravel/framework/src/Illuminate/Routing/Middleware/SubstituteBindings.php(50): Illuminate/Pipeline/Pipeline->Illuminate/Pipeline/{closure}()
#10 C:/Users/jhonj/Downloads/chat-bot/vendor/laravel/framework/src/Illuminate/Pipeline/Pipeline.php(183): Illuminate/Routing/Middleware/SubstituteBindings->handle()
#11 C:/Users/jhonj/Downloads/chat-bot/vendor/laravel/framework/src/Illuminate/Foundation/Http/Middleware/VerifyCsrfToken.php(78): Illuminate/Pipeline/Pipeline->Illuminate/Pipeline/{closure}()
#12 C:/Users/jhonj/Downloads/chat-bot/vendor/laravel/framework/src/Illuminate/Pipeline/Pipeline.php(183): Illuminate/Foundation/Http/Middleware/VerifyCsrfToken->handle()
#13 C:/Users/jhonj/Downloads/chat-bot/vendor/laravel/framework/src/Illuminate/View/Middleware/ShareErrorsFromSession.php(49): Illuminate/Pipeline/Pipeline->Illuminate/Pipeline/{closure}()
#14 C:/Users/jhonj/Downloads/chat-bot/vendor/laravel/framework/src/Illuminate/Pipeline/Pipeline.php(183): Illuminate/View/Middleware/ShareErrorsFromSession->handle()
#15 C:/Users/jhonj/Downloads/chat-bot/vendor/laravel/framework/src/Illuminate/Session/Middleware/StartSession.php(121): Illuminate/Pipeline/Pipeline->Illuminate/Pipeline/{closure}()
#16 C:/Users/jhonj/Downloads/chat-bot/vendor/laravel/framework/src/Illuminate/Session/Middleware/StartSession.php(64): Illuminate/Session/Middleware/StartSession->handleStatefulRequest()
#17 C:/Users/jhonj/Downloads/chat-bot/vendor/laravel/framework/src/Illuminate/Pipeline/Pipeline.php(183): Illuminate/Session/Middleware/StartSession->handle()
#18 C:/Users/jhonj/Downloads/chat-bot/vendor/laravel/framework/src/Illuminate/Cookie/Middleware/AddQueuedCookiesToResponse.php(37): Illuminate/Pipeline/Pipeline->Illuminate/Pipeline/{closure}()
#19 C:/Users/jhonj/Downloads/chat-bot/vendor/laravel/framework/src/Illuminate/Pipeline/Pipeline.php(183): Illuminate/Cookie/Middleware/AddQueuedCookiesToResponse->handle()
#20 C:/Users/jhonj/Downloads/chat-bot/vendor/laravel/framework/src/Illuminate/Cookie/Middleware/EncryptCookies.php(67): Illuminate/Pipeline/Pipeline->Illuminate/Pipeline/{closure}()
#21 C:/Users/jhonj/Downloads/chat-bot/vendor/laravel/framework/src/Illuminate/Pipeline/Pipeline.php(183): Illuminate/Cookie/Middleware/EncryptCookies->handle()
#22 C:/Users/jhonj/Downloads/chat-bot/vendor/laravel/framework/src/Illuminate/Pipeline/Pipeline.php(119): Illuminate/Pipeline/Pipeline->Illuminate/Pipeline/{closure}()
#23 C:/Users/jhonj/Downloads/chat-bot/vendor/laravel/framework/src/Illuminate/Routing/Router.php(805): Illuminate/Pipeline/Pipeline->then()
#24 C:/Users/jhonj/Downloads/chat-bot/vendor/laravel/framework/src/Illuminate/Routing/Router.php(784): Illuminate/Routing/Router->runRouteWithinStack()
#25 C:/Users/jhonj/Downloads/chat-bot/vendor/laravel/framework/src/Illuminate/Routing/Router.php(748): Illuminate/Routing/Router->runRoute()
#26 C:/Users/jhonj/Downloads/chat-bot/vendor/laravel/framework/src/Illuminate/Routing/Router.php(737): Illuminate/Routing/Router->dispatchToRoute()
#27 C:/Users/jhonj/Downloads/chat-bot/vendor/laravel/framework/src/Illuminate/Foundation/Http/Kernel.php(200): Illuminate/Routing/Router->dispatch()
#28 C:/Users/jhonj/Downloads/chat-bot/vendor/laravel/framework/src/Illuminate/Pipeline/Pipeline.php(144): Illuminate/Foundation/Http/Kernel->Illuminate/Foundation/Http/{closure}()
#29 C:/Users/jhonj/Downloads/chat-bot/vendor/laravel/framework/src/Illuminate/Foundation/Http/Middleware/TransformsRequest.php(21): Illuminate/Pipeline/Pipeline->Illuminate/Pipeline/{closure}()
#30 C:/Users/jhonj/Downloads/chat-bot/vendor/laravel/framework/src/Illuminate/Foundation/Http/Middleware/ConvertEmptyStringsToNull.php(31): Illuminate/Foundation/Http/Middleware/TransformsRequest->handle()
#31 C:/Users/jhonj/Downloads/chat-bot/vendor/laravel/framework/src/Illuminate/Pipeline/Pipeline.php(183): Illuminate/Foundation/Http/Middleware/ConvertEmptyStringsToNull->handle()
#32 C:/Users/jhonj/Downloads/chat-bot/vendor/laravel/framework/src/Illuminate/Foundation/Http/Middleware/TransformsRequest.php(21): Illuminate/Pipeline/Pipeline->Illuminate/Pipeline/{closure}()
#33 C:/Users/jhonj/Downloads/chat-bot/vendor/laravel/framework/src/Illuminate/Foundation/Http/Middleware/TrimStrings.php(40): Illuminate/Foundation/Http/Middleware/TransformsRequest->handle()
#34 C:/Users/jhonj/Downloads/chat-bot/vendor/laravel/framework/src/Illuminate/Pipeline/Pipeline.php(183): Illuminate/Foundation/Http/Middleware/TrimStrings->handle()
#35 C:/Users/jhonj/Downloads/chat-bot/vendor/laravel/framework/src/Illuminate/Foundation/Http/Middleware/ValidatePostSize.php(27): Illuminate/Pipeline/Pipeline->Illuminate/Pipeline/{closure}()
#36 C:/Users/jhonj/Downloads/chat-bot/vendor/laravel/framework/src/Illuminate/Pipeline/Pipeline.php(183): Illuminate/Foundation/Http/Middleware/ValidatePostSize->handle()
#37 C:/Users/jhonj/Downloads/chat-bot/vendor/laravel/framework/src/Illuminate/Foundation/Http/Middleware/PreventRequestsDuringMaintenance.php(99): Illuminate/Pipeline/Pipeline->Illuminate/Pipeline/{closure}()
#38 C:/Users/jhonj/Downloads/chat-bot/vendor/laravel/framework/src/Illuminate/Pipeline/Pipeline.php(183): Illuminate/Foundation/Http/Middleware/PreventRequestsDuringMaintenance->handle()
#39 C:/Users/jhonj/Downloads/chat-bot/vendor/laravel/framework/src/Illuminate/Http/Middleware/HandleCors.php(49): Illuminate/Pipeline/Pipeline->Illuminate/Pipeline/{closure}()
#40 C:/Users/jhonj/Downloads/chat-bot/vendor/laravel/framework/src/Illuminate/Pipeline/Pipeline.php(183): Illuminate/Http/Middleware/HandleCors->handle()
#41 C:/Users/jhonj/Downloads/chat-bot/vendor/laravel/framework/src/Illuminate/Http/Middleware/TrustProxies.php(39): Illuminate/Pipeline/Pipeline->Illuminate/Pipeline/{closure}()
#42 C:/Users/jhonj/Downloads/chat-bot/vendor/laravel/framework/src/Illuminate/Pipeline/Pipeline.php(183): Illuminate/Http/Middleware/TrustProxies->handle()
#43 C:/Users/jhonj/Downloads/chat-bot/vendor/laravel/framework/src/Illuminate/Pipeline/Pipeline.php(119): Illuminate/Pipeline/Pipeline->Illuminate/Pipeline/{closure}()
#44 C:/Users/jhonj/Downloads/chat-bot/vendor/laravel/framework/src/Illuminate/Foundation/Http/Kernel.php(175): Illuminate/Pipeline/Pipeline->then()
#45 C:/Users/jhonj/Downloads/chat-bot/vendor/laravel/framework/src/Illuminate/Foundation/Http/Kernel.php(144): Illuminate/Foundation/Http/Kernel->sendRequestThroughRouter()
#46 C:/Users/jhonj/Downloads/chat-bot/public/index.php(51): Illuminate/Foundation/Http/Kernel->handle()
#47 C:/Users/jhonj/Downloads/chat-bot/vendor/laravel/framework/src/Illuminate/Foundation/resources/server.php(16): require_once('...')
#48 {main}
"} 
[2026-01-30 20:14:23] laravel.EMERGENCY: Unable to create configured logger. Using emergency logger. {"exception":"[object] (InvalidArgumentException(code: 0): Log [] is not defined. at C:/Users/jhonj/Downloads/chat-bot/vendor/laravel/framework/src/Illuminate/Log/LogManager.php:212)
[stacktrace]
#0 C:/Users/jhonj/Downloads/chat-bot/vendor/laravel/framework/src/Illuminate/Log/LogManager.php(137): Illuminate/Log/LogManager->resolve()
#1 C:/Users/jhonj/Downloads/chat-bot/vendor/laravel/framework/src/Illuminate/Log/LogManager.php(124): Illuminate/Log/LogManager->get()
#2 C:/Users/jhonj/Downloads/chat-bot/vendor/laravel/framework/src/Illuminate/Log/LogManager.php(681): Illuminate/Log/LogManager->driver()
#3 C:/Users/jhonj/Downloads/chat-bot/vendor/laravel/framework/src/Illuminate/Foundation/Exceptions/Handler.php(317): Illuminate/Log/LogManager->error()
#4 C:/Users/jhonj/Downloads/chat-bot/vendor/laravel/framework/src/Illuminate/Foundation/Exceptions/Handler.php(278): Illuminate/Foundation/Exceptions/Handler->reportThrowable()
#5 C:/Users/jhonj/Downloads/chat-bot/vendor/laravel/framework/src/Illuminate/Routing/Pipeline.php(49): Illuminate/Foundation/Exceptions/Handler->report()
#6 C:/Users/jhonj/Downloads/chat-bot/vendor/laravel/framework/src/Illuminate/Pipeline/Pipeline.php(146): Illuminate/Routing/Pipeline->handleException()
#7 C:/Users/jhonj/Downloads/chat-bot/vendor/laravel/framework/src/Illuminate/Routing/Middleware/SubstituteBindings.php(50): Illuminate/Pipeline/Pipeline->Illuminate/Pipeline/{closure}()
#8 C:/Users/jhonj/Downloads/chat-bot/vendor/laravel/framework/src/Illuminate/Pipeline/Pipeline.php(183): Illuminate/Routing/Middleware/SubstituteBindings->handle()
#9 C:/Users/jhonj/Downloads/chat-bot/vendor/laravel/framework/src/Illuminate/Foundation/Http/Middleware/VerifyCsrfToken.php(78): Illuminate/Pipeline/Pipeline->Illuminate/Pipeline/{closure}()
#10 C:/Users/jhonj/Downloads/chat-bot/vendor/laravel/framework/src/Illuminate/Pipeline/Pipeline.php(183): Illuminate/Foundation/Http/Middleware/VerifyCsrfToken->handle()
#11 C:/Users/jhonj/Downloads/chat-bot/vendor/laravel/framework/src/Illuminate/View/Middleware/ShareErrorsFromSession.php(49): Illuminate/Pipeline/Pipeline->Illuminate/Pipeline/{closure}()
#12 C:/Users/jhonj/Downloads/chat-bot/vendor/laravel/framework/src/Illuminate/Pipeline/Pipeline.php(183): Illuminate/View/Middleware/ShareErrorsFromSession->handle()
#13 C:/Users/jhonj/Downloads/chat-bot/vendor/laravel/framework/src/Illuminate/Session/Middleware/StartSession.php(121): Illuminate/Pipeline/Pipeline->Illuminate/Pipeline/{closure}()
#14 C:/Users/jhonj/Downloads/chat-bot/vendor/laravel/framework/src/Illuminate/Session/Middleware/StartSession.php(64): Illuminate/Session/Middleware/StartSession->handleStatefulRequest()
#15 C:/Users/jhonj/Downloads/chat-bot/vendor/laravel/framework/src/Illuminate/Pipeline/Pipeline.php(183): Illuminate/Session/Middleware/StartSession->handle()
#16 C:/Users/jhonj/Downloads/chat-bot/vendor/laravel/framework/src/Illuminate/Cookie/Middleware/AddQueuedCookiesToResponse.php(37): Illuminate/Pipeline/Pipeline->Illuminate/Pipeline/{closure}()
#17 C:/Users/jhonj/Downloads/chat-bot/vendor/laravel/framework/src/Illuminate/Pipeline/Pipeline.php(183): Illuminate/Cookie/Middleware/AddQueuedCookiesToResponse->handle()
#18 C:/Users/jhonj/Downloads/chat-bot/vendor/laravel/framework/src/Illuminate/Cookie/Middleware/EncryptCookies.php(67): Illuminate/Pipeline/Pipeline->Illuminate/Pipeline/{closure}()
#19 C:/Users/jhonj/Downloads/chat-bot/vendor/laravel/framework/src/Illuminate/Pipeline/Pipeline.php(183): Illuminate/Cookie/Middleware/EncryptCookies->handle()
#20 C:/Users/jhonj/Downloads/chat-bot/vendor/laravel/framework/src/Illuminate/Pipeline/Pipeline.php(119): Illuminate/Pipeline/Pipeline->Illuminate/Pipeline/{closure}()
#21 C:/Users/jhonj/Downloads/chat-bot/vendor/laravel/framework/src/Illuminate/Routing/Router.php(805): Illuminate/Pipeline/Pipeline->then()
#22 C:/Users/jhonj/Downloads/chat-bot/vendor/laravel/framework/src/Illuminate/Routing/Router.php(784): Illuminate/Routing/Router->runRouteWithinStack()
#23 C:/Users/jhonj/Downloads/chat-bot/vendor/laravel/framework/src/Illuminate/Routing/Router.php(748): Illuminate/Routing/Router->runRoute()
#24 C:/Users/jhonj/Downloads/chat-bot/vendor/laravel/framework/src/Illuminate/Routing/Router.php(737): Illuminate/Routing/Router->dispatchToRoute()
#25 C:/Users/jhonj/Downloads/chat-bot/vendor/laravel/framework/src/Illuminate/Foundation/Http/Kernel.php(200): Illuminate/Routing/Router->dispatch()
#26 C:/Users/jhonj/Downloads/chat-bot/vendor/laravel/framework/src/Illuminate/Pipeline/Pipeline.php(144): Illuminate/Foundation/Http/Kernel->Illuminate/Foundation/Http/{closure}()
#27 C:/Users/jhonj/Downloads/chat-bot/vendor/laravel/framework/src/Illuminate/Foundation/Http/Middleware/TransformsRequest.php(21): Illuminate/Pipeline/Pipeline->Illuminate/Pipeline/{closure}()
#28 C:/Users/jhonj/Downloads/chat-bot/vendor/laravel/framework/src/Illuminate/Foundation/Http/Middleware/ConvertEmptyStringsToNull.php(31): Illuminate/Foundation/Http/Middleware/TransformsRequest->handle()
#29 C:/Users/jhonj/Downloads/chat-bot/vendor/laravel/framework/src/Illuminate/Pipeline/Pipeline.php(183): Illuminate/Foundation/Http/Middleware/ConvertEmptyStringsToNull->handle()
#30 C:/Users/jhonj/Downloads/chat-bot/vendor/laravel/framework/src/Illuminate/Foundation/Http/Middleware/TransformsRequest.php(21): Illuminate/Pipeline/Pipeline->Illuminate/Pipeline/{closure}()
#31 C:/Users/jhonj/Downloads/chat-bot/vendor/laravel/framework/src/Illuminate/Foundation/Http/Middleware/TrimStrings.php(40): Illuminate/Foundation/Http/Middleware/TransformsRequest->handle()
#32 C:/Users/jhonj/Downloads/chat-bot/vendor/laravel/framework/src/Illuminate/Pipeline/Pipeline.php(183): Illuminate/Foundation/Http/Middleware/TrimStrings->handle()
#33 C:/Users/jhonj/Downloads/chat-bot/vendor/laravel/framework/src/Illuminate/Foundation/Http/Middleware/ValidatePostSize.php(27): Illuminate/Pipeline/Pipeline->Illuminate/Pipeline/{closure}()
#34 C:/Users/jhonj/Downloads/chat-bot/vendor/laravel/framework/src/Illuminate/Pipeline/Pipeline.php(183): Illuminate/Foundation/Http/Middleware/ValidatePostSize->handle()
#35 C:/Users/jhonj/Downloads/chat-bot/vendor/laravel/framework/src/Illuminate/Foundation/Http/Middleware/PreventRequestsDuringMaintenance.php(99): Illuminate/Pipeline/Pipeline->Illuminate/Pipeline/{closure}()
#36 C:/Users/jhonj/Downloads/chat-bot/vendor/laravel/framework/src/Illuminate/Pipeline/Pipeline.php(183): Illuminate/Foundation/Http/Middleware/PreventRequestsDuringMaintenance->handle()
#37 C:/Users/jhonj/Downloads/chat-bot/vendor/laravel/framework/src/Illuminate/Http/Middleware/HandleCors.php(49): Illuminate/Pipeline/Pipeline->Illuminate/Pipeline/{closure}()
#38 C:/Users/jhonj/Downloads/chat-bot/vendor/laravel/framework/src/Illuminate/Pipeline/Pipeline.php(183): Illuminate/Http/Middleware/HandleCors->handle()
#39 C:/Users/jhonj/Downloads/chat-bot/vendor/laravel/framework/src/Illuminate/Http/Middleware/TrustProxies.php(39): Illuminate/Pipeline/Pipeline->Illuminate/Pipeline/{closure}()
#40 C:/Users/jhonj/Downloads/chat-bot/vendor/laravel/framework/src/Illuminate/Pipeline/Pipeline.php(183): Illuminate/Http/Middleware/TrustProxies->handle()
#41 C:/Users/jhonj/Downloads/chat-bot/vendor/laravel/framework/src/Illuminate/Pipeline/Pipeline.php(119): Illuminate/Pipeline/Pipeline->Illuminate/Pipeline/{closure}()
#42 C:/Users/jhonj/Downloads/chat-bot/vendor/laravel/framework/src/Illuminate/Foundation/Http/Kernel.php(175): Illuminate/Pipeline/Pipeline->then()
#43 C:/Users/jhonj/Downloads/chat-bot/vendor/laravel/framework/src/Illuminate/Foundation/Http/Kernel.php(144): Illuminate/Foundation/Http/Kernel->sendRequestThroughRouter()
#44 C:/Users/jhonj/Downloads/chat-bot/public/index.php(51): Illuminate/Foundation/Http/Kernel->handle()
#45 C:/Users/jhonj/Downloads/chat-bot/vendor/laravel/framework/src/Illuminate/Foundation/resources/server.php(16): require_once('...')
#46 {main}
"} 
[2026-01-30 20:14:23] laravel.ERROR: View [welcome] not found. {"exception":"[object] (InvalidArgumentException(code: 0): View [welcome] not found. at C:/Users/jhonj/Downloads/chat-bot/vendor/laravel/framework/src/Illuminate/View/FileViewFinder.php:137)
[stacktrace]
#0 C:/Users/jhonj/Downloads/chat-bot/vendor/laravel/framework/src/Illuminate/View/FileViewFinder.php(79): Illuminate/View/FileViewFinder->findInPaths()
#1 C:/Users/jhonj/Downloads/chat-bot/vendor/laravel/framework/src/Illuminate/View/Factory.php(137): Illuminate/View/FileViewFinder->find()
#2 C:/Users/jhonj/Downloads/chat-bot/vendor/laravel/framework/src/Illuminate/Foundation/helpers.php(1020): Illuminate/View/Factory->make()
#3 C:/Users/jhonj/Downloads/chat-bot/routes/web.php(17): view()
#4 C:/Users/jhonj/Downloads/chat-bot/vendor/laravel/framework/src/Illuminate/Routing/CallableDispatcher.php(40): Illuminate/Routing/RouteFileRegistrar->{closure}()
#5 C:/Users/jhonj/Downloads/chat-bot/vendor/laravel/framework/src/Illuminate/Routing/Route.php(237): Illuminate/Routing/CallableDispatcher->dispatch()
#6 C:/Users/jhonj/Downloads/chat-bot/vendor/laravel/framework/src/Illuminate/Routing/Route.php(208): Illuminate/Routing/Route->runCallable()
#7 C:/Users/jhonj/Downloads/chat-bot/vendor/laravel/framework/src/Illuminate/Routing/Router.php(806): Illuminate/Routing/Route->run()
#8 C:/Users/jhonj/Downloads/chat-bot/vendor/laravel/framework/src/Illuminate/Pipeline/Pipeline.php(144): Illuminate/Routing/Router->Illuminate/Routing/{closure}()
#9 C:/Users/jhonj/Downloads/chat-bot/vendor/laravel/framework/src/Illuminate/Routing/Middleware/SubstituteBindings.php(50): Illuminate/Pipeline/Pipeline->Illuminate/Pipeline/{closure}()
#10 C:/Users/jhonj/Downloads/chat-bot/vendor/laravel/framework/src/Illuminate/Pipeline/Pipeline.php(183): Illuminate/Routing/Middleware/SubstituteBindings->handle()
#11 C:/Users/jhonj/Downloads/chat-bot/vendor/laravel/framework/src/Illuminate/Foundation/Http/Middleware/VerifyCsrfToken.php(78): Illuminate/Pipeline/Pipeline->Illuminate/Pipeline/{closure}()
#12 C:/Users/jhonj/Downloads/chat-bot/vendor/laravel/framework/src/Illuminate/Pipeline/Pipeline.php(183): Illuminate/Foundation/Http/Middleware/VerifyCsrfToken->handle()
#13 C:/Users/jhonj/Downloads/chat-bot/vendor/laravel/framework/src/Illuminate/View/Middleware/ShareErrorsFromSession.php(49): Illuminate/Pipeline/Pipeline->Illuminate/Pipeline/{closure}()
#14 C:/Users/jhonj/Downloads/chat-bot/vendor/laravel/framework/src/Illuminate/Pipeline/Pipeline.php(183): Illuminate/View/Middleware/ShareErrorsFromSession->handle()
#15 C:/Users/jhonj/Downloads/chat-bot/vendor/laravel/framework/src/Illuminate/Session/Middleware/StartSession.php(121): Illuminate/Pipeline/Pipeline->Illuminate/Pipeline/{closure}()
#16 C:/Users/jhonj/Downloads/chat-bot/vendor/laravel/framework/src/Illuminate/Session/Middleware/StartSession.php(64): Illuminate/Session/Middleware/StartSession->handleStatefulRequest()
#17 C:/Users/jhonj/Downloads/chat-bot/vendor/laravel/framework/src/Illuminate/Pipeline/Pipeline.php(183): Illuminate/Session/Middleware/StartSession->handle()
#18 C:/Users/jhonj/Downloads/chat-bot/vendor/laravel/framework/src/Illuminate/Cookie/Middleware/AddQueuedCookiesToResponse.php(37): Illuminate/Pipeline/Pipeline->Illuminate/Pipeline/{closure}()
#19 C:/Users/jhonj/Downloads/chat-bot/vendor/laravel/framework/src/Illuminate/Pipeline/Pipeline.php(183): Illuminate/Cookie/Middleware/AddQueuedCookiesToResponse->handle()
#20 C:/Users/jhonj/Downloads/chat-bot/vendor/laravel/framework/src/Illuminate/Cookie/Middleware/EncryptCookies.php(67): Illuminate/Pipeline/Pipeline->Illuminate/Pipeline/{closure}()
#21 C:/Users/jhonj/Downloads/chat-bot/vendor/laravel/framework/src/Illuminate/Pipeline/Pipeline.php(183): Illuminate/Cookie/Middleware/EncryptCookies->handle()
#22 C:/Users/jhonj/Downloads/chat-bot/vendor/laravel/framework/src/Illuminate/Pipeline/Pipeline.php(119): Illuminate/Pipeline/Pipeline->Illuminate/Pipeline/{closure}()
#23 C:/Users/jhonj/Downloads/chat-bot/vendor/laravel/framework/src/Illuminate/Routing/Router.php(805): Illuminate/Pipeline/Pipeline->then()
#24 C:/Users/jhonj/Downloads/chat-bot/vendor/laravel/framework/src/Illuminate/Routing/Router.php(784): Illuminate/Routing/Router->runRouteWithinStack()
#25 C:/Users/jhonj/Downloads/chat-bot/vendor/laravel/framework/src/Illuminate/Routing/Router.php(748): Illuminate/Routing/Router->runRoute()
#26 C:/Users/jhonj/Downloads/chat-bot/vendor/laravel/framework/src/Illuminate/Routing/Router.php(737): Illuminate/Routing/Router->dispatchToRoute()
#27 C:/Users/jhonj/Downloads/chat-bot/vendor/laravel/framework/src/Illuminate/Foundation/Http/Kernel.php(200): Illuminate/Routing/Router->dispatch()
#28 C:/Users/jhonj/Downloads/chat-bot/vendor/laravel/framework/src/Illuminate/Pipeline/Pipeline.php(144): Illuminate/Foundation/Http/Kernel->Illuminate/Foundation/Http/{closure}()
#29 C:/Users/jhonj/Downloads/chat-bot/vendor/laravel/framework/src/Illuminate/Foundation/Http/Middleware/TransformsRequest.php(21): Illuminate/Pipeline/Pipeline->Illuminate/Pipeline/{closure}()
#30 C:/Users/jhonj/Downloads/chat-bot/vendor/laravel/framework/src/Illuminate/Foundation/Http/Middleware/ConvertEmptyStringsToNull.php(31): Illuminate/Foundation/Http/Middleware/TransformsRequest->handle()
#31 C:/Users/jhonj/Downloads/chat-bot/vendor/laravel/framework/src/Illuminate/Pipeline/Pipeline.php(183): Illuminate/Foundation/Http/Middleware/ConvertEmptyStringsToNull->handle()
#32 C:/Users/jhonj/Downloads/chat-bot/vendor/laravel/framework/src/Illuminate/Foundation/Http/Middleware/TransformsRequest.php(21): Illuminate/Pipeline/Pipeline->Illuminate/Pipeline/{closure}()
#33 C:/Users/jhonj/Downloads/chat-bot/vendor/laravel/framework/src/Illuminate/Foundation/Http/Middleware/TrimStrings.php(40): Illuminate/Foundation/Http/Middleware/TransformsRequest->handle()
#34 C:/Users/jhonj/Downloads/chat-bot/vendor/laravel/framework/src/Illuminate/Pipeline/Pipeline.php(183): Illuminate/Foundation/Http/Middleware/TrimStrings->handle()
#35 C:/Users/jhonj/Downloads/chat-bot/vendor/laravel/framework/src/Illuminate/Foundation/Http/Middleware/ValidatePostSize.php(27): Illuminate/Pipeline/Pipeline->Illuminate/Pipeline/{closure}()
#36 C:/Users/jhonj/Downloads/chat-bot/vendor/laravel/framework/src/Illuminate/Pipeline/Pipeline.php(183): Illuminate/Foundation/Http/Middleware/ValidatePostSize->handle()
#37 C:/Users/jhonj/Downloads/chat-bot/vendor/laravel/framework/src/Illuminate/Foundation/Http/Middleware/PreventRequestsDuringMaintenance.php(99): Illuminate/Pipeline/Pipeline->Illuminate/Pipeline/{closure}()
#38 C:/Users/jhonj/Downloads/chat-bot/vendor/laravel/framework/src/Illuminate/Pipeline/Pipeline.php(183): Illuminate/Foundation/Http/Middleware/PreventRequestsDuringMaintenance->handle()
#39 C:/Users/jhonj/Downloads/chat-bot/vendor/laravel/framework/src/Illuminate/Http/Middleware/HandleCors.php(49): Illuminate/Pipeline/Pipeline->Illuminate/Pipeline/{closure}()
#40 C:/Users/jhonj/Downloads/chat-bot/vendor/laravel/framework/src/Illuminate/Pipeline/Pipeline.php(183): Illuminate/Http/Middleware/HandleCors->handle()
#41 C:/Users/jhonj/Downloads/chat-bot/vendor/laravel/framework/src/Illuminate/Http/Middleware/TrustProxies.php(39): Illuminate/Pipeline/Pipeline->Illuminate/Pipeline/{closure}()
#42 C:/Users/jhonj/Downloads/chat-bot/vendor/laravel/framework/src/Illuminate/Pipeline/Pipeline.php(183): Illuminate/Http/Middleware/TrustProxies->handle()
#43 C:/Users/jhonj/Downloads/chat-bot/vendor/laravel/framework/src/Illuminate/Pipeline/Pipeline.php(119): Illuminate/Pipeline/Pipeline->Illuminate/Pipeline/{closure}()
#44 C:/Users/jhonj/Downloads/chat-bot/vendor/laravel/framework/src/Illuminate/Foundation/Http/Kernel.php(175): Illuminate/Pipeline/Pipeline->then()
#45 C:/Users/jhonj/Downloads/chat-bot/vendor/laravel/framework/src/Illuminate/Foundation/Http/Kernel.php(144): Illuminate/Foundation/Http/Kernel->sendRequestThroughRouter()
#46 C:/Users/jhonj/Downloads/chat-bot/public/index.php(51): Illuminate/Foundation/Http/Kernel->handle()
#47 C:/Users/jhonj/Downloads/chat-bot/vendor/laravel/framework/src/Illuminate/Foundation/resources/server.php(16): require_once('...')
#48 {main}
"} 
